time,close,high,low,open,volumefrom,volumeto
1546387200,3961.01,3989.59,3826.29,3880.15,54034.73,210854603.84
1546473600,3835.86,3965.52,3778.76,3961.01,45585.19,176488072.06
1546560000,3874.06,3901.65,3783.88,3835.86,44398.9,170507611.15
1546646400,3855.39,3926.92,3841.13,3874.06,35766.65,139438510.18
1546732800,4102.85,4145.16,3829.09,3855.39,58878.99,236298043.75
1546819200,4050.4,4132.62,4001.35,4102.85,51541.23,209289368.14
1546905600,4040.75,4156.16,3990.34,4050.4,65973.5,268091045.44
1546992000,4048.34,4092.91,4013,4040.75,55130.13,223639028.92
1547078400,3668.15,4085.09,3631.07,4048.34,108277.01,412522198.13
1547164800,3669.2,3729.69,3616.41,3668.15,63070.18,231465488.1
1547251200,3664.38,3692.12,3611.2,3669.2,28343.28,103912541.38
1547337600,3551.24,3675.2,3528.24,3664.38,45682.73,164125048.97
1547424000,3703.9,3748.88,3544.53,3551.24,56099.99,204793029.92
1547510400,3621.24,3724.3,3590.49,3703.9,54154.65,198582447.53
1547596800,3643.99,3704.37,3611.38,3621.24,53843.55,196211595.54
1547683200,3685.3,3695.28,3586.92,3643.99,46181.32,168287506.1
1547769600,3648.05,3685.39,3620.44,3685.3,32418.99,118317804.97
1547856000,3729.78,3799.62,3643.01,3648.05,38341.35,143238228.4
1547942400,3567.73,3754.65,3529.25,3729.78,49198.37,177628515.93
1548028800,3571.92,3599.83,3535.19,3567.73,36101.4,129000924.6
1548115200,3602.04,3635.69,3473.77,3571.92,53586.91,191355241.84
1548201600,3572.05,3631.15,3543.96,3602.04,37910.4,135864247.56
1548288000,3598.52,3616.33,3546.5,3572.05,31630.57,113155246.95
1548374400,3582.89,3607.43,3539.41,3598.52,32679.69,116674680.78
1548460800,3596.5,3676.4,3578.62,3582.89,29201.1,105927045.55
1548547200,3565.08,3605.99,3511.29,3596.5,26261.48,93766117.67
1548633600,3453.42,3567.56,3402.56,3565.08,59700.11,206309738.62
1548720000,3418.25,3463.2,3369.19,3453.42,46304.1,158106687
1548806400,3467.21,3488.91,3395.94,3418.25,42399.63,146422486.1
1548892800,3434.13,3499.78,3422.83,3467.21,37365.7,128773893.15
1548979200,3461.63,3478.55,3398.96,3434.13,41976.43,144476056.44
1549065600,3508.68,3519.14,3441.21,3461.63,27103.48,94144187.11
1549152000,3449.62,3514.43,3424.42,3508.68,23044.88,79591219.11
1549238400,3431.24,3470.8,3429.21,3449.62,23959.61,82280894.52
1549324800,3447.66,3447.88,3415.67,3431.24,24459.49,84042727.18
1549411200,3394.89,3459.33,3362.24,3447.66,44281.79,150408587.85
1549497600,3375.33,3406.54,3369.1,3394.89,28811.35,97390901.92
1549584000,3660.03,3735.1,3363.32,3375.33,89444.22,317023029.42
1549670400,3652.26,3673.71,3616.11,3660.03,25880.75,94200588.34
1549756800,3685.14,3689.32,3611.46,3652.26,30046.26,109365095.98
1549843200,3611.34,3688.59,3608.18,3685.14,40461.58,146354074.39
1549929600,3617.41,3648.67,3574.22,3611.34,45717.05,164816438.53
1550016000,3605.87,3655.89,3590.01,3617.41,40664.15,146822348.57
1550102400,3588.72,3619.7,3567.39,3605.87,32779.35,117804856.32
1550188800,3593.49,3640.65,3575.95,3588.72,36251.38,130398989.33
1550275200,3617.24,3639.75,3592.04,3593.49,24003.59,86973822.79
1550361600,3670.92,3706.17,3608.18,3617.24,36849.32,134218331.16
1550448000,3912.57,3952.44,3661.42,3670.92,98728.99,376203280.43
1550534400,3924.24,4010.91,3882.52,3912.57,74127.62,292137057.43
1550620800,3974.05,3992.31,3898.91,3924.24,53048.95,209282292.49
1550707200,3937.04,4026.54,3900.28,3974.05,47433.87,187314178.85
1550793600,3983.53,3996.15,3917.66,3937.04,43006.55,170405341.81
1550880000,4149.09,4192.39,3948.48,3983.53,57002.5,231174632.28
1550966400,3771.62,4221.62,3755.38,4149.09,80391.72,319071544.94
1551052800,3845.51,3885.06,3771.53,3771.62,48406.42,185036583.31
1551139200,3817.88,3852.66,3791.9,3845.51,33253.08,126868886.89
1551225600,3830.72,3851.84,3699.53,3817.88,46011.1,175069054.72
1551312000,3823.37,3909.86,3798,3830.72,44353.45,170646670.66
1551398400,3831.48,3866.12,3822.67,3823.37,26522.34,101774924.71
1551484800,3842.94,3846.38,3790.74,3831.48,19283.71,73894412.97
1551571200,3812.31,3853.28,3788.04,3842.94,16769.86,64065044.79
1551657600,3731.28,3831.01,3705.14,3812.31,39278.22,147245676.28
1551744000,3874.18,3893.52,3720.49,3731.28,43262.3,165062256.27
1551830400,3874.98,3916.29,3839.39,3874.18,33536.95,129520549.49
1551916800,3882.61,3911.76,3853.2,3874.98,37619.38,146201726.67
1552003200,3868.02,3932.02,3804.98,3882.61,39428.25,153405087.61
1552089600,3947.74,3975.25,3860.66,3868.02,27600.01,108370246.04
1552176000,3929.84,3948.21,3897.82,3947.74,17404.16,68252920.53
1552262400,3874.89,3941.99,3849.45,3929.84,32708.55,126998648.6
1552348800,3888.57,3904.7,3827.23,3874.89,33655.37,130291591.54
1552435200,3878.44,3898.25,3853.06,3888.57,27922.69,108286926.77
1552521600,3881.44,3922.21,3825.03,3878.44,34554.38,133931876.12
1552608000,3927.08,3935.1,3876.17,3881.44,32133.02,125588541.02
1552694400,4027.01,4069.11,3924.98,3927.08,41319.81,166216280.52
1552780800,3998,4030.38,3970.97,4027.01,17033.6,68146133.16
1552867200,3988.85,4038.99,3964.31,3998,27416.92,109428478.54
1552953600,4024.14,4032.04,3972.47,3988.85,29686.2,118919147.36
1553040000,4056.75,4064.95,3995.49,4024.14,36862.09,148490744.9
1553126400,3996.93,4082.29,3953.53,4056.75,44251.52,178077036.22
1553212800,4000.84,4018.21,3984,3996.93,22671.75,90726555.79
1553299200,4007.21,4019.36,3982.47,4000.84,18486.22,74094017.72
1553385600,3994.11,4010.3,3970.35,4007.21,16111.98,64375076.75
1553472000,3924.55,4005.29,3887.68,3994.11,34191.84,136398998.18
1553558400,3942.22,3943.2,3902.52,3924.55,23873.14,93805733.55
1553644800,4045.98,4054.32,3932.79,3942.22,37132.4,149005782.26
1553731200,4036.45,4046.44,4014.69,4045.98,25343.13,102296341.19
1553817600,4111.38,4122.89,4031.22,4036.45,41843.31,170915132.77
1553904000,4118.13,4146.88,4066.87,4111.38,24906.26,102400533.82
1553990400,4112.69,4129.43,4098.79,4118.13,13792.73,56727425.19
1554076800,4151.32,4164.33,4082.2,4112.69,36921.55,152826759.02
1554163200,4906.93,5104.42,4147.7,4151.32,172473.31,814748125.73
1554249600,4976.59,5335.7,4831.59,4906.93,159843.43,809158339.99
1554336000,4913.36,5071.98,4799.77,4976.59,74544.88,370109007.61
1554422400,5047.23,5074.13,4897.61,4913.36,56130.82,280722247.3
1554508800,5057.25,5240.19,4938,5047.23,54180.91,275839573.8
1554595200,5201.16,5266.04,5044.28,5057.25,47200.43,243329883.48
1554681600,5294.09,5347.88,5141.23,5201.16,69803.56,366577921.18
1554768000,5201.3,5294.09,5159.13,5294.09,48552.25,253577595.39
1554854400,5318.6,5460.94,5178.61,5201.3,65813.81,349643837.46
1554940800,5048.56,5343.66,4987.65,5318.6,69622.86,356811374.12
1555027200,5081.5,5118.61,4927.62,5048.56,43762.94,220667543.59
1555113600,5080.66,5128.96,5056.19,5081.5,23342.24,118956124.9
1555200000,5165.59,5186.82,5031.2,5080.66,21193.03,108148233.81
1555286400,5037.27,5195.31,4969.31,5165.59,40402.46,205867031.18
1555372800,5212.81,5232.03,5029.16,5037.27,40370,207311534.31
1555459200,5236.26,5270.76,5190.81,5212.81,37225.68,194699629.15
1555545600,5289.75,5317.78,5232.99,5236.26,35511.12,187312150.44
1555632000,5295.53,5353.01,5212.18,5289.75,30109.97,158699049.55
1555718400,5326.18,5366.6,5274.45,5295.53,23214.49,123577001.56
1555804800,5305.74,5348.59,5232.77,5326.18,25466.81,134681237.4
1555891200,5394.67,5444.76,5265.73,5305.74,45346.65,242498187.66
1555977600,5539.1,5626.83,5371.31,5394.67,66448.85,368556751.66
1556064000,5454.58,5633,5390.98,5539.1,61651.16,339093001.24
1556150400,5162.67,5521.61,5031.69,5454.58,70755.72,374798664.87
1556236800,5234.09,5361.94,5104.18,5162.67,70191.21,366773360.18
1556323200,5229.48,5282.97,5192.45,5234.09,21692.98,113430273.96
1556409600,5272.45,5313.7,5218.42,5233.47,25294.87,133564683.52
1556496000,5237.96,5299.51,5162.81,5272.45,31947.44,167206787.27
1556582400,5350.64,5372.23,5224.64,5237.96,32567.46,172540196.26
1556668800,5389.54,5417.17,5346.7,5350.64,27410.57,147345369.73
1556755200,5500.72,5531.15,5387.29,5389.54,35089.37,192256639.91
1556841600,5753.38,5891.9,5484.78,5500.72,75434.86,432335283.61
1556928000,5840.08,5901.36,5596.15,5753.38,45628.34,263390273.68
1557014400,5794.14,5849.5,5709.74,5840.08,25481.48,147662500.76
1557100800,5748.17,5823.67,5644.15,5794.14,34979.71,200316185.51
1557187200,5819.57,6031.54,5748.17,5748.17,59556.89,353043890.95
1557273600,5998.71,6032.25,5753.08,5819.57,40967.62,241917027.36
1557360000,6171.96,6194.91,5988.65,5998.71,51005.27,310336580.16
1557446400,6358.29,6444.57,6133.21,6171.96,68160.13,430403405.14
1557532800,7191.36,7394.94,6357.02,6358.29,135248.42,933141315.95
1557619200,6977.63,7541.61,6793.21,7191.36,142892.25,1023203366.46
1557705600,7806.36,8127.75,6873.42,6977.63,149082.57,1140302646.6
1557792000,7980.13,8297.02,7631.34,7806.36,122383.06,976094121.29
1557878400,8183.83,8263.29,7849.92,7980.13,86162.62,694202804.31
1557964800,7874.11,8352.25,7679.05,8183.83,95341.68,762104107.69
1558051200,7371.96,7930.98,6668.67,7874.11,141482.93,1023961962.83
1558137600,7266.08,7491.67,7213.72,7371.96,41327.89,303317486.98
1558224000,8193.14,8281.66,7257.26,7266.08,91218.12,723011166.2
1558310400,7998.29,8193.14,7591.85,8193.14,80672.83,637617163.27
1558396800,7947.93,8102.32,7807.77,7998.29,45005.01,357803946.85
1558483200,7626.89,8033.76,7533.66,7947.93,54216.74,424501866.33
1558569600,7876.5,7971.26,7478.74,7626.89,50121.07,386766321.19
1558656000,7996.4,8165.45,7801.57,7876.5,51604.15,413162746.86
1558742400,8059.13,8140.82,7948.68,7996.4,22294.65,179206342.03
1558828800,8726.23,8779,7894.53,8059.13,57648.95,483663699.62
1558915200,8785.17,8931.53,8668.46,8726.23,57692.17,507164714.76
1559001600,8718.85,8818.71,8562.2,8785.17,41445.13,360752199.95
1559088000,8664.56,8760.48,8444.1,8718.85,44056.71,380343928.72
1559174400,8276.25,9065.89,8027.21,8664.56,95189.06,815525590.67
1559260800,8550.67,8570.78,8116,8276.25,60143.23,502056527.56
1559347200,8555.87,8619.21,8459.65,8550.67,26884.15,229736992.43
1559433600,8737.91,8819.9,8547.48,8555.87,25506.14,221708083.06
1559520000,8114.49,8740.24,8073.18,8737.91,63486.15,534972187.72
1559606400,7677.47,8114.49,7463.94,8114.49,103552.9,809220381.24
1559692800,7791.29,7917.14,7591.88,7677.47,49771.65,387021977.02
1559779200,7807.36,7872.1,7467.52,7791.29,44397.47,342084400.02
1559865600,8002.63,8127.63,7767.37,7807.36,51105.14,407241297.23
1559952000,7933.78,8058.91,7796.46,8002.63,23469.94,186055499.51
1560038400,7643.44,7964.75,7535.9,7933.78,30301.73,234551796.21
1560124800,8021,8061.5,7533.53,7643.44,43154.98,339520552.04
1560211200,7917.32,8049.78,7724.58,8021,35850.45,282632009.38
1560297600,8174.14,8250,7834.57,7917.32,49460.34,399065678.38
1560384000,8235.57,8326.2,8053.65,8174.14,38536.25,315594036.87
1560470400,8693.96,8724.42,8180.39,8235.57,50383.98,424131990.84
1560556800,8853.56,8905.14,8621.48,8693.96,38140.15,333656492.38
1560643200,8979.18,9372.89,8800.96,8853.56,84289.2,767025702.52
1560729600,9336.01,9468.85,8976.99,8979.18,65486.04,606269265.79
1560816000,9081.71,9357.22,8941.83,9336.01,51829.13,473016555.83
1560902400,9280.54,9313.18,9045.47,9081.71,32012.68,293070485.25
1560988800,9536.85,9600.28,9219.81,9280.54,45144.43,424436854.57
1561075200,10218.87,10230.86,9536.85,9536.85,77828.7,765543626.6
1561161600,10689.54,11207.97,10086.32,10218.87,115793.98,1240328392.49
1561248000,10855.99,11285.51,10513.81,10689.54,57082.02,619160985.99
1561334400,11035.74,11100.92,10555.71,10855.99,52118.36,565444720.43
1561420800,11740.34,11778.22,10992.37,11035.74,84123.73,953962631.15
1561507200,12913.28,13826.76,11679.1,11740.34,211449.88,2685872365.1
1561593600,11154.09,13314.05,10335.34,12913.28,202428.68,2345027203.81
1561680000,12355.06,12433,10772.75,11154.09,120700.97,1408438810.31
1561766400,11884.1,12362.9,11352.27,12355.06,81875.16,968516834.6
1561852800,10769.05,12200.02,10677.83,11884.1,80893.36,917158052.37
1561939200,10591.87,11207,10006.43,10769.05,115739.97,1225129699.57
1562025600,10844.13,10927.6,9678.1,10591.87,120994.95,1239524970.43
1562112000,11981.61,12009.59,10841.91,10844.13,115565.16,1313585829.89
1562198400,11156.52,12055.11,11067.68,11981.61,71141.03,831236841.56
1562284800,10993.25,11435.38,10787.94,11156.52,66066.75,734424868.07
1562371200,11248.94,11709.27,10985.4,10993.25,48172.2,549769169.13
1562457600,11474.28,11605.43,11109.42,11248.94,36847.21,418161890.29
1562544000,12296.16,12386.28,11339.02,11474.28,63847.27,762033323.29
1562630400,12567.02,12808.06,12117.31,12296.16,79607.47,993891866.34
1562716800,12099.12,13183.73,11569.94,12567.02,124523.09,1554955347.89
1562803200,11343.12,12099.91,11002.39,12099.12,102929.11,1185222449.66
1562889600,11797.37,11931.91,11096.61,11343.12,55994.89,647690095.15
1562976000,11363.97,11835.87,10827.53,11797.37,59187.84,668325183.28
1563062400,10204.41,11447.92,10118.85,11363.97,76310.21,814667763.32
1563148800,10850.26,11070.18,9877.02,10204.41,92742.77,965178341.63
1563235200,9423.44,11025.76,9366.82,10850.26,113537.84,1140137759.72
1563321600,9696.15,9982.24,9086.51,9423.44,101032.08,965256823.84
1563408000,10638.35,10776.54,9292.61,9696.15,102443.07,1033842556.65
1563494400,10532.94,10757.41,10135.16,10638.35,62995.33,658190962.53
1563580800,10759.42,11094.32,10379.19,10532.94,56766.57,608954333.23
1563667200,10586.71,10833.99,10329.89,10759.42,38379.41,405339891.1
1563753600,10325.87,10676.6,10072.07,10586.71,50574.02,524442852.25
1563840000,9854.15,10328.44,9820.61,10325.87,52754.02,529438124.08
1563926400,9772.14,9920.54,9535.78,9854.15,54750.78,531611909.42
1564012800,9882.43,10184.43,9744.7,9772.14,40285.56,403576364.36
1564099200,9847.45,9890.05,9668.52,9882.43,31960.31,312717110.04
1564185600,9478.32,10202.95,9310.47,9847.45,53081.42,512612117.07
1564272000,9531.77,9591.52,9135.64,9478.32,28313.55,267243770.14
1564358400,9506.93,9717.69,9386.9,9531.77,31434.4,299936368.39
1564444800,9595.52,9749.53,9391.78,9506.93,28856.19,276402322.56
1564531200,10089.25,10123.94,9581.6,9595.52,42030.01,416343142.53
1564617600,10409.79,10488.81,9890.49,10089.25,43505.11,442037342.05
1564704000,10528.99,10666.64,10340.82,10409.79,44213.09,463688251.79
1564790400,10820.41,10915,10509.35,10528.99,34102.93,367536516.75
1564876800,10978.91,11074.95,10572.24,10820.41,39795.33,431699306.35
1564963200,11807.96,11945.38,10978.89,10978.91,74748.53,870917186.96
1565049600,11467.1,12316.85,11224.1,11807.96,80694.71,949534020.01
1565136000,11974.28,12138.55,11393.98,11467.1,70893.9,834719365.81
1565222400,11982.8,12042.87,11498.04,11974.28,49871.24,588463519.89
1565308800,11865.21,12027.57,11674.06,11982.8,39230.82,464214586.73
1565395200,11293.59,11971.35,11232.42,11865.21,40869.27,470049694.45
1565481600,11549.06,11584.35,11119.32,11293.59,25734.51,292814721.19
1565568000,11387.41,11554.74,11240.38,11549.06,20181.72,229908138.9
1565654400,10872,11439.48,10765.3,11387.41,43742.98,483240069.77
1565740800,10031.89,10873.44,9924.58,10872,70125.86,728247545.72
1565827200,10308.51,10451.61,9497.12,10031.89,84438.15,842979140.9
1565913600,10360.43,10544.97,9764.32,10308.51,62357.48,635040831.46
1566000000,10220.75,10474.64,10010.76,10360.43,24470.79,251018339.59
1566086400,10326.25,10512.89,10079.46,10220.75,21614.15,223456175.83
1566172800,10922.16,10937.26,10278.31,10326.25,39936.81,426168059.98
1566259200,10770.76,10956.06,10576.37,10922.16,30891.56,332208752.04
1566345600,10131.67,10805.7,9870.07,10770.76,57446.51,584554031.67
1566432000,10104.11,10231.99,9777.06,10131.67,38005.1,380411207.72
1566518400,10410.49,10468.14,10053.67,10104.11,31466.97,324471966.33
1566604800,10150.07,10430.99,9911.2,10410.49,28068.47,283755017.73
1566691200,10141.75,10353.95,9907.03,10150.07,25686.72,259448931.12
1566777600,10364.91,10626.93,10141.75,10141.75,42155.28,437989368.7
1566864000,10175.47,10381.92,10038.26,10364.91,26481.68,269489962.47
1566950400,9722.83,10281.59,9600.83,10175.47,49145.33,486936428.33
1567036800,9492.81,9724.52,9344.69,9722.83,42711.51,406305621.25
1567123200,9587.25,9699.85,9368.27,9492.81,28941.49,276606372.89
1567209600,9624.54,9714.11,9512.03,9587.25,15427.47,148320616.41
1567296000,9768.36,9823.53,9578.66,9624.54,15485.86,149995549.7
1567382400,10387.5,10459,9764.76,9768.36,42504.5,429220162.8
1567468800,10625.1,10773.27,10296.3,10387.5,52101.71,550564712.84
1567555200,10585.2,10827.14,10392.88,10625.1,41229.09,436210232.43
1567641600,10556.16,10659.6,10475.88,10585.2,23957.29,253210793.56
1567728000,10309.91,10938.39,10228.17,10556.16,54409.77,577987384.8
1567814400,10491.96,10574.99,10304.22,10309.91,18864.32,197436363.34
1567900800,10420.88,10595.71,10286.85,10491.96,18990.22,198370974.82
1567987200,10314.88,10514.59,10101.87,10420.88,33044.44,340516851.61
1568073600,10109.46,10395.1,9966.94,10314.88,26197.16,266382297.99
1568160000,10165.01,10251.97,9874.13,10109.46,28189.47,283998084.25
1568246400,10428.96,10472.07,10057.09,10165.01,26821.06,275877681.63
1568332800,10372.29,10591.45,9855.34,10428.96,24372.25,251594742.18
1568419200,10365.56,10455.38,10251.96,10372.29,15570.76,161565882.04
1568505600,10313.02,10401.53,10279.58,10365.56,11651.76,120645589.34
1568592000,10271.79,10411.06,10103.87,10313.02,27381.87,280632567.99
1568678400,10198.62,10297.99,10152.47,10271.79,21680.68,221966422.11
1568764800,10163.38,10272.19,10100.9,10198.62,21739.97,221697128.61
1568851200,10281.03,10368.46,9641.11,10163.38,45685.81,456963432.6
1568937600,10176.38,10321.18,10065.55,10281.03,20930.03,213229233.56
1569024000,9988.38,10187.64,9944.61,10176.38,17868.39,179453539.43
1569110400,10036.98,10096.66,9871.97,9988.38,17799.44,178007946.58
1569196800,9694.6,10073.79,9636.2,10036.98,33287.92,327752087.22
1569283200,8542.54,9787.58,8107.01,9694.6,121811.28,1084866143.86
1569369600,8446.97,8752.2,8246.24,8542.54,74724.79,631898763.59
1569456000,8074.99,8471.02,7753.71,8446.97,80375.17,652614929.72
1569542400,8201.36,8304.22,7888.5,8074.99,48376.65,390323710.89
1569628800,8223.65,8345.03,8044.45,8201.36,29802.19,244186983.17
1569715200,8065.26,8265.99,7943.33,8223.65,28053.51,226712656.15
1569801600,8314.62,8372.24,7736.96,8065.26,50440.1,407250929.38
1569888000,8326.64,8537.6,8212.01,8314.62,42368,355446344.41
1569974400,8391.52,8403.51,8186.3,8326.64,24785.21,205325219.19
1570060800,8246.3,8434.63,8105.02,8391.52,30435.91,250685863.87
1570147200,8168.05,8267.11,8021.3,8246.3,26268.19,214500278.91
1570233600,8172.48,8232.25,8052.51,8168.05,17371.63,141685742.42
1570320000,7868.31,8221.03,7822.65,8172.48,30026.91,239636660.01
1570406400,8215.11,8326.01,7798.09,7868.31,39653.14,321239400.73
1570492800,8191.87,8354.19,8126.71,8215.11,21060.16,173334218.05
1570579200,8593.16,8697.56,8132.74,8191.87,47097.59,398201725.27
1570665600,8596.57,8672.58,8466.13,8593.16,29187.08,250267419.87
1570752000,8278.05,8834.11,8259.77,8596.57,38612.05,326882172.42
1570838400,8316.66,8439.44,8272.12,8278.05,11037.58,92609964.73
1570924800,8296.34,8498.59,8194.16,8316.66,20190.99,168896951.15
1571011200,8363.94,8414.24,8228.06,8296.34,17507.78,146015532.85
1571097600,8173.48,8439.31,8116.92,8363.94,24899.11,205674618.32
1571184000,8014.39,8193.41,7945.77,8173.48,34102.92,274670310.13
1571270400,8082.46,8145.5,7948.95,8014.39,21657.02,175172893.7
1571356800,7972.62,8157.36,7850.66,8082.46,27732.54,221065928.44
1571443200,7973.63,8108.69,7919.05,7972.62,17875.39,143202359.39
1571529600,8247.25,8326.13,7911.49,7973.63,25287.68,205394286.06
1571616000,8223.25,8359.52,8177.11,8247.25,22831.65,188511539.86
1571702400,8034.5,8318.41,8021.36,8223.25,24453.79,200593851.39
1571788800,7479.54,8071.8,7336.06,8034.5,60122.39,457672451.42
1571875200,7444.2,7524.31,7370.13,7479.54,28580.18,213663114.76
1571961600,8671.1,8783.85,7431.2,7444.2,79777.72,656574822.36
1572048000,9258.98,10380.48,8654.84,8671.1,154648.62,1457875080.4
1572134400,9550.6,9805.42,9114.58,9258.98,64673.13,614726341.04
1572220800,9222.23,9934.71,9201.49,9550.6,54907.49,522287119.66
1572307200,9432.86,9565.11,9099.36,9222.23,40284.46,377872980.92
1572393600,9169.86,9441.8,9018.3,9432.86,34376.01,315824657.23
1572480000,9157.52,9423.16,8972,9169.86,35891.86,329788397.17
1572566400,9260.59,9308.62,9072.62,9157.52,27365.39,251360754.52
1572652800,9311.99,9400.44,9223.46,9260.59,17135.45,159847329.63
1572739200,9221.61,9396.1,9108.22,9311.99,15670.3,144662760.99
1572825600,9421.54,9578.74,9141,9221.61,29435.09,275923701.7
1572912000,9323.61,9495.36,9196.64,9421.54,24971.55,233491267.4
1572998400,9347.27,9455.53,9269.82,9323.61,22338.76,208985449.5
1573084800,9208.52,9382.63,9114.14,9347.27,21322.07,196879610.6
1573171200,8772.31,9263.83,8682.74,9208.52,41674.91,371135404.96
1573257600,8822.19,8881.08,8732.62,8772.31,13145.33,116025279.26
1573344000,9045.85,9126.98,8767.94,8822.19,18134.09,162649216.87
1573430400,8726.31,9084.49,8619.78,9045.85,25750.4,226035620.33
1573516800,8815.14,8868.85,8576.09,8726.31,22305.54,194901130.1
1573603200,8773.82,8840.33,8721.68,8815.14,15828.57,138900524.48
1573689600,8640.42,8811.04,8584.92,8773.82,18999.7,164630654.03
1573776000,8468.57,8773.4,8393.29,8640.42,31281.14,267441968.16
1573862400,8498.94,8539.42,8442.03,8468.57,9355.13,79597461.02
1573948800,8515.28,8641.12,8411.3,8498.94,14296.75,122271717.68
1574035200,8190.16,8537.87,8075.63,8515.28,30048.32,250358969.38
1574121600,8133.57,8215.95,8016.54,8190.16,24402.6,198180594.35
1574208000,8093.6,8232.23,8047.73,8133.57,18105.11,147086043.41
1574294400,7632.59,8133.73,7437.33,8093.6,45760.44,354377783.29
1574380800,7292.2,7721.9,6815.03,7632.59,94065.31,680349857.19
1574467200,7339.24,7368.18,7119.41,7292.2,25474.86,185099411.4
1574553600,6930.09,7364.59,6888.89,7339.24,35108.24,249710266.27
1574640000,7138.23,7386.06,6560.13,6930.09,85742.76,596056755.83
1574726400,7170.11,7350.44,7042.5,7138.23,36264.64,259675008.66
1574812800,7531.5,7681.51,6873.1,7170.11,66406.48,485895588.26
1574899200,7442.33,7663.45,7388.79,7531.5,29886.7,225350756.08
1574985600,7769.38,7872.17,7425.49,7442.33,37243.54,285280637.6
1575072000,7571.77,7821.01,7487.1,7769.38,24778.5,189533166.63
1575158400,7420.53,7575.5,7261.95,7571.77,30676.77,226245528.68
1575244800,7320.94,7442.62,7193.09,7420.53,25163.31,184009273.35
1575331200,7313.64,7420.34,7260.93,7320.94,18521.73,135997337.7
1575417600,7207.78,7764.68,7110.76,7313.64,49046.2,360525572.37
1575504000,7406.75,7492.96,7175.85,7207.78,30054.36,220875659.79
1575590400,7558.58,7607.79,7323.86,7406.75,28169.83,209851296.57
1575676800,7514.86,7640.51,7503.1,7558.58,14093.87,106572219.77
1575763200,7539.7,7594.8,7414.51,7514.86,15949.09,120000308.79
1575849600,7350.62,7667.04,7296.42,7539.7,35089.72,262161330.42
1575936000,7233.84,7403.64,7176.42,7350.62,23348.59,170419385.84
1576022400,7212.01,7284.74,7167.13,7233.84,19799.94,143267855.45
1576108800,7199.39,7307.96,7105.35,7212.01,28003.83,201666958.32
1576195200,7261.72,7308.08,7199.39,7199.39,18725.31,135777984.61
1576281600,7080.29,7283.78,7033.14,7261.72,15624.21,111796861.42
1576368000,7132.39,7204.93,7030.37,7080.29,15972.7,113742866.17
1576454400,6897.33,7172.46,6869.19,7132.39,39619.58,278223344.11
1576540800,6635.84,6948.12,6585.46,6897.33,46023.51,310739632.42
1576627200,7294.53,7442.26,6450.69,6635.84,71573.09,491429584.47
1576713600,7159.26,7376.98,7057.66,7294.53,34799.1,249541907.16
1576800000,7203.41,7234.56,7094.06,7159.26,23556.25,168963964.55
1576886400,7159.47,7213.86,7132.82,7203.41,12101.12,86864836.52
1576972800,7517.58,7527.4,7143.17,7159.47,27325.26,200586646.53
1577059200,7326.6,7694.65,7275.28,7517.58,44770.93,336425000.06
1577145600,7260.91,7429.42,7175.5,7326.6,27770.75,203013413.87
1577232000,7202.72,7280.52,7132.3,7260.91,15012.21,108513256.34
1577318400,7207.23,7442.21,7167.44,7202.72,23254.3,169067214.27
1577404800,7253.82,7267.46,7061.61,7207.23,25489.38,183588691.22
1577491200,7316.23,7368.09,7253.61,7253.82,14542.71,106581355.23
1577577600,7399.49,7540.65,7295.33,7316.23,18230.94,135257936.53
1577664000,7234.44,7414.07,7224.79,7399.49,23030.92,168180498.67
1577750400,7183.88,7325.24,7141.94,7234.44,19424.26,140384995.27
1577836800,7189.94,7267.16,7171.82,7183.88,11872,85986188.11
1577923200,6965.72,7224.84,6945.83,7189.94,26531.32,187393954.35
1578009600,7339.7,7407.11,6882.62,6965.72,51975.01,376690440.38
1578096000,7357.5,7405.75,7278.6,7339.7,22083.57,162106895.05
1578182400,7359.96,7501.42,7330.07,7357.5,24084.13,179147746.87
1578268800,7762.69,7799.63,7355.11,7359.96,46443.66,352286216.6
1578355200,8160.36,8218.63,7736.57,7762.69,75423.75,600054472.25
1578441600,8045.15,8458.65,7873.97,8160.36,85087.59,699004342.7
1578528000,7817.35,8047.11,7757.04,8045.15,40045.64,316199456.84
1578614400,8190.31,8192.05,7682.56,7817.35,55534.09,441131626.25
1578700800,8024.58,8287.42,8003.87,8190.31,30734.63,250060123.9
1578787200,8181.49,8185.14,7968.4,8024.58,17525.61,142197585.82
1578873600,8106.56,8200.4,8057.37,8181.49,22746,184437465.66
1578960000,8820.95,8874.07,8106.4,8106.56,89444.78,768098459.01
1579046400,8813.21,8890.04,8559.93,8820.95,50394.79,441186933.78
1579132800,8719.63,8846.78,8586.56,8813.21,33539.82,290989712.92
1579219200,8894.83,9004.35,8665.99,8719.63,48787.4,432856377.78
1579305600,8909.28,8974.65,8807.26,8894.83,19872.9,176837362.25
1579392000,8702.59,9177.39,8508.15,8909.28,47750.9,421483277.31
1579478400,8634.03,8737.36,8521.52,8702.59,21888.47,189247381.47
1579564800,8724.84,8771.75,8479.9,8634.03,22731.19,196404470.17
1579651200,8667.26,8793.74,8582.43,8724.84,17278.13,149906743.85
1579737600,8394.28,8680.93,8290.98,8667.26,38348.08,323273085.37
1579824000,8431.78,8517.5,8225.83,8394.28,27811.03,233502998.73
1579910400,8345.88,8444.32,8263.42,8431.78,14296.82,119345600.29
1579996800,8602.37,8605.33,8302.57,8345.88,22444.54,189985702.21
1580083200,8898.94,8991.01,8572.37,8602.37,37524.75,329416202.64
1580169600,9391.97,9407.39,8892.58,8898.94,51850.54,471220882.55
1580256000,9286.18,9429.16,9234.27,9391.97,36978.22,345265419.21
1580342400,9501.38,9561.26,9181.72,9286.18,45852.79,430815723.66
1580428800,9342.23,9518.87,9208.36,9501.38,31334.26,292627757.98
1580515200,9384.45,9455.92,9296.57,9342.23,14778.25,138614091.6
1580601600,9334.25,9469.84,9169.21,9384.45,24059.37,225322638.39
1580688000,9288.96,9605.66,9230.83,9334.25,33363.87,312315107.48
1580774400,9171.98,9347.12,9089.52,9288.96,26614.92,244997961.95
1580860800,9611.42,9750.28,9162.98,9171.98,47150.99,448381299.88
1580947200,9755.84,9853.08,9533.37,9611.42,42264.62,410313693.85
1581033600,9808.36,9866.18,9714.16,9755.84,25549.21,249852208.28
1581120000,9898.25,9936.26,9665.26,9808.36,24889.03,244352034.45
1581206400,10157.78,10162.71,9880.67,9898.25,33829.57,340301629.71
1581292800,9858.03,10185.09,9761.16,10157.78,40941.28,406256357.82
1581379200,10269.43,10370.44,9716.32,9858.03,49240.73,495614708
1581465600,10347.93,10475.43,10250.55,10269.43,43484.9,449510878.91
1581552000,10233.32,10500.54,10081.02,10347.93,49389.81,507955951.95