Exchange Date,Close,Volume,Net,%Chg,Open,Low,High
13-Feb-2020,"1,576.0950",,+10.7683,+0.6879%,"1,565.3214","1,565.1350","1,577.8066"
12-Feb-2020,"1,565.3267",,-2.0933,-0.1336%,"1,567.4301","1,561.1600","1,570.1783"
11-Feb-2020,"1,567.4200",,-4.4800,-0.2850%,"1,571.7100","1,561.8900","1,573.6650"
10-Feb-2020,"1,571.9000",,+1.9942,+0.1270%,"1,569.5400","1,567.6100","1,576.7600"
07-Feb-2020,"1,569.9058",,+3.3457,+0.2136%,"1,566.5800","1,562.0000","1,573.6650"
06-Feb-2020,"1,566.5601",,+10.1551,+0.6525%,"1,556.6000","1,551.9600","1,568.0100"
05-Feb-2020,"1,556.4050",,+4.1450,+0.2670%,"1,552.2700","1,546.9000","1,562.0050"
04-Feb-2020,"1,552.2600",,-23.7900,-1.5095%,"1,576.0100","1,548.7000","1,579.2449"
03-Feb-2020,"1,576.0500",,-13.7649,-0.8658%,"1,589.4500","1,570.8600","1,591.4600"
31-Jan-2020,"1,589.8149",,+15.8949,+1.0099%,"1,573.8800","1,570.4500","1,589.8149"
30-Jan-2020,"1,573.9200",,-2.7975,-0.1774%,"1,576.6851","1,572.2000","1,585.6700"
29-Jan-2020,"1,576.7175",,+10.8575,+0.6934%,"1,565.8100","1,562.7000","1,577.5552"
28-Jan-2020,"1,565.8600",,-15.7900,-0.9983%,"1,581.6600","1,565.2600","1,582.7828"
27-Jan-2020,"1,581.6500",,+11.2850,+0.7186%,"1,579.7000","1,575.3000","1,586.4250"
24-Jan-2020,"1,570.3650",,+7.3400,+0.4696%,"1,563.0000","1,555.8700","1,575.4700"
23-Jan-2020,"1,563.0250",,+4.4050,+0.2826%,"1,558.6300","1,550.9900","1,567.6357"
22-Jan-2020,"1,558.6200",,+0.8900,+0.0571%,"1,557.7300","1,549.5100","1,559.0500"
21-Jan-2020,"1,557.7300",,-3.5500,-0.2274%,"1,560.5600","1,545.9600","1,568.3510"
20-Jan-2020,"1,561.2800",,+5.0553,+0.3248%,"1,558.2600","1,556.0500","1,562.5100"
17-Jan-2020,"1,556.2247",,+3.6847,+0.2373%,"1,552.5100","1,548.8700","1,560.9133"
16-Jan-2020,"1,552.5400",,-3.3951,-0.2182%,"1,555.9250","1,547.6000","1,557.8900"
15-Jan-2020,"1,555.9351",,+9.8114,+0.6346%,"1,546.0100","1,545.7600","1,557.9850"
14-Jan-2020,"1,546.1237",,-1.9281,-0.1246%,"1,548.0597","1,535.6300","1,548.5500"
13-Jan-2020,"1,548.0518",,-13.9812,-0.8951%,"1,562.0400","1,546.2700","1,562.0500"
10-Jan-2020,"1,562.0330",,+9.7642,+0.6290%,"1,552.0100","1,545.0700","1,562.9351"
09-Jan-2020,"1,552.2688",,-3.4412,-0.2212%,"1,555.6627","1,539.7800","1,561.2300"
08-Jan-2020,"1,555.7100",,-18.1776,-1.1549%,"1,573.8896","1,551.8700","1,610.9000"
07-Jan-2020,"1,573.8876",,+8.0290,+0.5128%,"1,565.8303","1,555.0000","1,577.2849"
06-Jan-2020,"1,565.8586",,+14.4559,+0.9318%,"1,560.4900","1,560.4900","1,582.5900"
03-Jan-2020,"1,551.4027",,+22.5527,+1.4751%,"1,528.8600","1,527.7000","1,553.2000"
02-Jan-2020,"1,528.8500",,+11.9600,+0.7885%,"1,517.0350","1,516.9950","1,531.2000"
01-Jan-2020,"1,516.8900",,-0.1200,-0.0079%,"1,516.8600","1,516.8000","1,517.0800"
31-Dec-2019,"1,517.0100",,+1.8870,+0.1245%,"1,515.1241","1,514.4000","1,525.2000"
30-Dec-2019,"1,515.1230",,+4.7063,+0.3116%,"1,511.3900","1,509.8600","1,516.2000"
27-Dec-2019,"1,510.4167",,-0.8812,-0.0583%,"1,511.2972","1,506.4800","1,515.0942"
26-Dec-2019,"1,511.2979",,+12.6979,+0.8473%,"1,499.1650","1,497.2000","1,512.2950"
25-Dec-2019,"1,498.6000",,-0.2100,-0.0140%,"1,498.6000","1,498.6000","1,498.6000"
24-Dec-2019,"1,498.8100",,+13.5400,+0.9116%,"1,485.3199","1,484.2100","1,500.3250"
23-Dec-2019,"1,485.2700",,+7.3203,+0.4953%,"1,477.9500","1,477.2500","1,485.9100"
20-Dec-2019,"1,477.9497",,-1.0975,-0.0742%,"1,479.0400","1,475.2500","1,480.8145"
19-Dec-2019,"1,479.0472",,+3.8610,+0.2617%,"1,475.1871","1,472.5000","1,481.8000"
18-Dec-2019,"1,475.1862",,-1.0138,-0.0687%,"1,476.2050","1,469.8500","1,479.1405"
17-Dec-2019,"1,476.2000",,+0.1987,+0.0135%,"1,476.0000","1,473.8100","1,480.3580"
16-Dec-2019,"1,476.0013",,+0.4427,+0.0300%,"1,475.2000","1,472.5500","1,479.6088"
13-Dec-2019,"1,475.5586",,+6.2286,+0.4239%,"1,469.3750","1,462.1600","1,477.7465"
12-Dec-2019,"1,469.3300",,-5.4200,-0.3675%,"1,474.7513","1,464.3500","1,486.8000"
11-Dec-2019,"1,474.7500",,+10.7900,+0.7370%,"1,463.9399","1,462.0400","1,478.8000"
10-Dec-2019,"1,463.9600",,+2.0700,+0.1416%,"1,461.8301","1,459.3000","1,468.9922"
09-Dec-2019,"1,461.8900",,+2.3829,+0.1633%,"1,459.0900","1,458.4500","1,465.4000"
06-Dec-2019,"1,459.5071",,-16.0958,-1.0908%,"1,475.6000","1,458.1700","1,476.8956"
05-Dec-2019,"1,475.6029",,+1.5029,+0.1020%,"1,473.9600","1,472.5000","1,480.4000"
04-Dec-2019,"1,474.1000",,-3.1410,-0.2126%,"1,476.9600","1,470.9600","1,484.0000"
03-Dec-2019,"1,477.2410",,+14.9010,+1.0190%,"1,462.4000","1,458.7700","1,481.8000"
02-Dec-2019,"1,462.3400",,-1.5600,-0.1066%,"1,466.6300","1,453.6000","1,466.6300"
29-Nov-2019,"1,463.9000",,+5.8083,+0.3983%,"1,455.8000","1,452.4800","1,466.3110"
28-Nov-2019,"1,458.0917",,+3.8417,+0.2642%,"1,456.6005","1,453.9400","1,458.2000"
27-Nov-2019,"1,454.2500",,-6.9500,-0.4756%,"1,461.2500","1,452.1000","1,461.7249"
26-Nov-2019,"1,461.2000",,+6.3262,+0.4348%,"1,454.8755","1,450.3000","1,462.6632"
25-Nov-2019,"1,454.8738",,-7.1662,-0.4902%,"1,462.0400","1,453.4000","1,462.0400"
22-Nov-2019,"1,462.0400",,-2.1100,-0.1441%,"1,464.1500","1,460.7500","1,472.9000"
21-Nov-2019,"1,464.1500",,-7.0014,-0.4759%,"1,471.1500","1,462.1800","1,475.6000"
20-Nov-2019,"1,471.1514",,-1.1300,-0.0768%,"1,472.2900","1,465.5600","1,478.8000"
19-Nov-2019,"1,472.2814",,+1.5286,+0.1039%,"1,470.7461","1,464.2000","1,475.4000"
18-Nov-2019,"1,470.7528",,+3.6359,+0.2478%,"1,467.4100","1,455.8700","1,474.0000"
15-Nov-2019,"1,467.1169",,-3.8331,-0.2606%,"1,470.9526","1,461.8000","1,471.1801"
14-Nov-2019,"1,470.9500",,+8.0146,+0.5478%,"1,462.9312","1,460.5100","1,474.2325"
13-Nov-2019,"1,462.9354",,+5.9905,+0.4112%,"1,456.9400","1,455.6500","1,466.8900"
12-Nov-2019,"1,456.9449",,+1.2944,+0.0889%,"1,455.5400","1,445.1800","1,460.0658"
11-Nov-2019,"1,455.6505",,-2.7565,-0.1890%,"1,458.7150","1,447.8900","1,466.3400"
08-Nov-2019,"1,458.4070",,-9.4149,-0.6414%,"1,467.7648","1,455.8000","1,473.0000"
07-Nov-2019,"1,467.8219",,-22.5402,-1.5124%,"1,490.0400","1,460.7500","1,492.0656"
06-Nov-2019,"1,490.3621",,+6.3621,+0.4287%,"1,484.0050","1,482.1100","1,494.2000"
05-Nov-2019,"1,484.0000",,-25.2367,-1.6721%,"1,509.5350","1,479.2500","1,509.8000"
04-Nov-2019,"1,509.2367",,-4.3133,-0.2850%,"1,513.4000","1,504.0700","1,514.5355"
01-Nov-2019,"1,513.5500",,+0.3900,+0.0258%,"1,513.1300","1,502.9000","1,515.4100"
31-Oct-2019,"1,513.1600",,+17.9600,+1.2012%,"1,496.2000","1,493.4500","1,514.2000"
30-Oct-2019,"1,495.2000",,+7.8000,+0.5244%,"1,487.4000","1,480.8200","1,496.6000"
29-Oct-2019,"1,487.4000",,-5.0449,-0.3380%,"1,492.4351","1,483.5100","1,494.8000"
28-Oct-2019,"1,492.4449",,-11.8851,-0.7901%,"1,503.9600","1,489.4000","1,508.1110"
25-Oct-2019,"1,504.3300",,+1.0800,+0.0718%,"1,504.3500","1,500.1500","1,517.7000"
24-Oct-2019,"1,503.2500",,+11.4000,+0.7642%,"1,491.9005","1,487.6200","1,503.8110"
23-Oct-2019,"1,491.8500",,+4.2000,+0.2823%,"1,487.9500","1,487.2400","1,495.9929"
22-Oct-2019,"1,487.6500",,+3.4000,+0.2291%,"1,484.2650","1,480.4400","1,488.7700"
21-Oct-2019,"1,484.2500",,-5.4500,-0.3658%,"1,491.7710","1,481.5000","1,495.0601"
18-Oct-2019,"1,489.7000",,-1.9400,-0.1301%,"1,491.9200","1,484.4000","1,493.9301"
17-Oct-2019,"1,491.6400",,+2.2700,+0.1524%,"1,490.1500","1,483.1000","1,497.1825"
16-Oct-2019,"1,489.3700",,+8.4500,+0.5706%,"1,480.8750","1,476.6500","1,491.2013"
15-Oct-2019,"1,480.9200",,-11.8800,-0.7958%,"1,493.0000","1,477.2100","1,497.7400"
14-Oct-2019,"1,492.8000",,+3.3500,+0.2249%,"1,488.5000","1,482.5000","1,497.0000"
11-Oct-2019,"1,489.4500",,-4.5500,-0.3046%,"1,494.0600","1,473.9000","1,503.0930"
10-Oct-2019,"1,494.0000",,-11.3000,-0.7507%,"1,505.3000","1,491.1000","1,516.7678"
09-Oct-2019,"1,505.3000",,+0.0400,+0.0027%,"1,505.6600","1,499.3000","1,511.2010"
08-Oct-2019,"1,505.2600",,+11.9100,+0.7975%,"1,493.1500","1,487.2351","1,508.3149"
07-Oct-2019,"1,493.3500",,-11.0000,-0.7312%,"1,504.5050","1,489.6851","1,509.2209"
04-Oct-2019,"1,504.3500",,-0.4000,-0.0266%,"1,504.9351","1,496.7600","1,510.6930"
03-Oct-2019,"1,504.7500",,+5.4900,+0.3662%,"1,499.2959","1,495.6000","1,518.5000"
02-Oct-2019,"1,499.2600",,+20.6800,+1.3986%,"1,478.9449","1,474.0000","1,504.7300"
01-Oct-2019,"1,478.5800",,+6.5800,+0.4470%,"1,471.9000","1,458.5000","1,487.0194"
30-Sep-2019,"1,472.0000",,-24.5600,-1.6411%,"1,496.8250","1,463.9900","1,500.2476"
27-Sep-2019,"1,496.5600",,-9.0400,-0.6004%,"1,505.8000","1,486.6000","1,507.4000"
26-Sep-2019,"1,505.6000",,+1.8500,+0.1230%,"1,503.6899","1,501.5400","1,512.4000"
25-Sep-2019,"1,503.7500",,-28.0500,-1.8312%,"1,531.2000","1,501.0100","1,535.0000"
24-Sep-2019,"1,531.8000",,+9.9350,+0.6528%,"1,522.0000","1,515.4500","1,535.6000"
23-Sep-2019,"1,521.8650",,+5.1150,+0.3372%,"1,516.4050","1,511.1000","1,526.8000"
20-Sep-2019,"1,516.7500",,+17.7500,+1.1841%,"1,499.2000","1,497.6000","1,516.8101"
19-Sep-2019,"1,499.0000",,+5.3500,+0.3582%,"1,493.4000","1,488.6000","1,504.0000"
18-Sep-2019,"1,493.6500",,-8.5500,-0.5692%,"1,501.1500","1,484.1600","1,511.0000"
17-Sep-2019,"1,502.2000",,+4.3000,+0.2871%,"1,498.5500","1,493.0000","1,507.0031"
16-Sep-2019,"1,497.9000",,+9.4500,+0.6349%,"1,502.6900","1,495.3000","1,511.9065"
13-Sep-2019,"1,488.4500",,-10.2500,-0.6839%,"1,498.2000","1,485.2600","1,508.8091"
12-Sep-2019,"1,498.7000",,+1.4000,+0.0935%,"1,497.2000","1,488.4000","1,523.6123"
11-Sep-2019,"1,497.3000",,+11.8000,+0.7943%,"1,486.1500","1,484.6000","1,498.1145"
10-Sep-2019,"1,485.5000",,-13.1500,-0.8775%,"1,498.7000","1,483.9000","1,501.0000"
09-Sep-2019,"1,498.6500",,-8.0500,-0.5343%,"1,506.8000","1,497.3000","1,515.2000"
06-Sep-2019,"1,506.7000",,-12.4000,-0.8163%,"1,519.0000","1,502.5000","1,527.4484"
05-Sep-2019,"1,519.1000",,-33.2500,-2.1419%,"1,552.2000","1,509.0300","1,553.0000"
04-Sep-2019,"1,552.3500",,+5.6500,+0.3653%,"1,546.8000","1,533.4300","1,557.0000"
03-Sep-2019,"1,546.7000",,+16.3600,+1.0690%,"1,529.3000","1,521.1000","1,549.5000"
02-Sep-2019,"1,530.3400",,+10.4900,+0.6902%,"1,519.8000","1,518.8000","1,533.5160"
30-Aug-2019,"1,519.8500",,-7.5500,-0.4943%,"1,527.2000","1,517.1100","1,533.0000"
29-Aug-2019,"1,527.4000",,-11.4000,-0.7408%,"1,538.9000","1,519.1000","1,550.4000"
28-Aug-2019,"1,538.8000",,-3.5950,-0.2331%,"1,541.3900","1,531.2000","1,546.8000"
27-Aug-2019,"1,542.3950",,+16.3950,+1.0744%,"1,526.0000","1,524.5000","1,544.3820"
26-Aug-2019,"1,526.0000",,-0.1000,-0.0066%,"1,538.9000","1,524.2000","1,554.5600"
23-Aug-2019,"1,526.1000",,+27.5000,+1.8350%,"1,498.8000","1,492.7000","1,529.6766"
22-Aug-2019,"1,498.6000",,-3.4000,-0.2264%,"1,501.9000","1,491.5000","1,504.4000"
21-Aug-2019,"1,502.0000",,-4.8500,-0.3219%,"1,507.4000","1,495.8000","1,508.1000"
20-Aug-2019,"1,506.8500",,+11.8500,+0.7926%,"1,495.3000","1,492.5000","1,508.1366"
19-Aug-2019,"1,495.0000",,-18.7500,-1.2386%,"1,510.7000","1,492.1000","1,512.6000"
16-Aug-2019,"1,513.7500",,-9.2050,-0.6044%,"1,523.6000","1,503.8000","1,527.4000"
15-Aug-2019,"1,522.9550",,+6.8700,+0.4531%,"1,516.4900","1,508.0000","1,526.5085"
14-Aug-2019,"1,516.0850",,+14.9450,+0.9956%,"1,501.1250","1,494.0000","1,523.8503"
13-Aug-2019,"1,501.1400",,-10.0150,-0.6627%,"1,510.3600","1,481.0600","1,534.3074"
12-Aug-2019,"1,511.1550",,+14.3150,+0.9563%,"1,497.2600","1,487.4300","1,517.4591"
09-Aug-2019,"1,496.8400",,-3.1600,-0.2107%,"1,501.0000","1,494.2200","1,508.0000"
08-Aug-2019,"1,500.0000",,-0.8000,-0.0533%,"1,501.0000","1,489.7900","1,509.4000"
07-Aug-2019,"1,500.8000",,+26.9300,+1.8272%,"1,473.8500","1,471.9550","1,510.0000"
06-Aug-2019,"1,473.8700",,+10.2700,+0.7017%,"1,463.8000","1,456.2500","1,474.8092"
05-Aug-2019,"1,463.6000",,+23.1450,+1.6068%,"1,440.4000","1,436.7000","1,469.6000"
02-Aug-2019,"1,440.4550",,-4.6001,-0.3183%,"1,445.4100","1,429.8300","1,447.8043"
01-Aug-2019,"1,445.0551",,+31.5051,+2.2288%,"1,410.9600","1,400.3100","1,445.5600"
31-Jul-2019,"1,413.5500",,-17.0500,-1.1918%,"1,430.6600","1,411.1000","1,432.6930"
30-Jul-2019,"1,430.6000",,+3.9149,+0.2744%,"1,426.4600","1,421.6600","1,432.7809"
29-Jul-2019,"1,426.6851",,+8.3751,+0.5905%,"1,418.7900","1,416.6100","1,428.0000"
26-Jul-2019,"1,418.3100",,+4.1800,+0.2956%,"1,414.2000","1,413.3800","1,424.4100"
25-Jul-2019,"1,414.1300",,-11.6700,-0.8185%,"1,426.2000","1,410.7700","1,433.4600"
24-Jul-2019,"1,425.8000",,+8.8100,+0.6217%,"1,417.1600","1,416.1000","1,429.2000"
23-Jul-2019,"1,416.9900",,-7.7300,-0.5426%,"1,424.7500","1,413.8000","1,428.8500"
22-Jul-2019,"1,424.7200",,-0.1900,-0.0133%,"1,424.7500","1,421.9500","1,429.4255"
19-Jul-2019,"1,424.9100",,-21.0900,-1.4585%,"1,446.0000","1,419.9000","1,452.6000"
18-Jul-2019,"1,446.0000",,+19.4000,+1.3599%,"1,426.6000","1,414.3600","1,448.0000"
17-Jul-2019,"1,426.6000",,+20.6700,+1.4702%,"1,406.2100","1,399.7500","1,426.8000"
16-Jul-2019,"1,405.9300",,-7.7500,-0.5482%,"1,414.2900","1,400.7800","1,418.0283"
15-Jul-2019,"1,413.6800",,-1.8150,-0.1282%,"1,415.5000","1,407.3600","1,419.3500"
12-Jul-2019,"1,415.4950",,+11.8950,+0.8475%,"1,403.6000","1,402.8100","1,416.6281"
11-Jul-2019,"1,403.6000",,-15.2000,-1.0713%,"1,419.0000","1,401.2000","1,426.0000"
10-Jul-2019,"1,418.8000",,+21.0000,+1.5024%,"1,397.6000","1,389.5500","1,419.0000"
09-Jul-2019,"1,397.8000",,+2.6000,+0.1864%,"1,395.2000","1,386.1100","1,399.8000"
08-Jul-2019,"1,395.2000",,-4.3500,-0.3108%,"1,399.6500","1,391.4500","1,407.6000"
05-Jul-2019,"1,399.5500",,-15.6400,-1.1052%,"1,415.4100","1,386.5200","1,423.9561"
04-Jul-2019,"1,415.1900",,-3.3500,-0.2362%,"1,419.3450","1,410.1300","1,421.5428"
03-Jul-2019,"1,418.5400",,+0.3451,+0.0243%,"1,419.5500","1,412.0800","1,435.9872"
02-Jul-2019,"1,418.1949",,+34.1300,+2.4659%,"1,383.1500","1,383.1500","1,419.4700"
01-Jul-2019,"1,384.0649",,-25.0351,-1.7767%,"1,392.5800","1,381.5100","1,397.3100"
28-Jun-2019,"1,409.1000",,-0.1800,-0.0128%,"1,409.1600","1,406.4100","1,424.2427"
27-Jun-2019,"1,409.2800",,+0.9300,+0.0660%,"1,409.1600","1,399.8500","1,411.5995"
26-Jun-2019,"1,408.3500",,-14.5000,-1.0191%,"1,423.5100","1,401.9800","1,423.6550"
25-Jun-2019,"1,422.8500",,+3.7000,+0.2607%,"1,418.7700","1,411.9000","1,438.6300"
24-Jun-2019,"1,419.1500",,+20.5000,+1.4657%,"1,400.9500","1,400.0800","1,420.9005"
21-Jun-2019,"1,398.6500",,+10.8700,+0.7833%,"1,387.8200","1,382.0000","1,410.7800"
20-Jun-2019,"1,387.7800",,+27.9100,+2.0524%,"1,359.9600","1,357.4000","1,392.8448"
19-Jun-2019,"1,359.8700",,+13.7900,+1.0245%,"1,346.1600","1,340.7500","1,362.1000"
18-Jun-2019,"1,346.0800",,+6.7950,+0.5074%,"1,339.6900","1,338.2500","1,354.2035"
17-Jun-2019,"1,339.2850",,-2.0450,-0.1525%,"1,341.6600","1,332.4500","1,343.1252"
14-Jun-2019,"1,341.3300",,-0.6200,-0.0462%,"1,341.3000","1,337.5800","1,358.0380"
13-Jun-2019,"1,341.9500",,+8.7900,+0.6593%,"1,333.6000","1,331.8700","1,343.0313"
12-Jun-2019,"1,333.1600",,+6.4975,+0.4898%,"1,326.3900","1,325.8000","1,338.2345"
11-Jun-2019,"1,326.6625",,-1.0675,-0.0804%,"1,328.0100","1,319.3500","1,329.8130"
10-Jun-2019,"1,327.7300",,-12.5700,-0.9378%,"1,335.5600","1,324.5000","1,337.4351"
07-Jun-2019,"1,340.3000",,+5.5000,+0.4120%,"1,335.2000","1,329.6800","1,348.0823"
06-Jun-2019,"1,334.8000",,+5.0200,+0.3775%,"1,331.6100","1,327.0500","1,339.6830"
05-Jun-2019,"1,329.7800",,+4.9000,+0.3698%,"1,325.1000","1,324.2000","1,343.8646"
04-Jun-2019,"1,324.8800",,+0.1100,+0.0083%,"1,324.6500","1,319.5800","1,328.9764"
03-Jun-2019,"1,324.7700",,+19.5200,+1.4955%,"1,307.1450","1,306.3000","1,327.9000"
31-May-2019,"1,305.2500",,+16.7500,+1.3000%,"1,287.9500","1,287.6900","1,306.6406"
30-May-2019,"1,288.5000",,+9.3000,+0.7270%,"1,279.3600","1,274.4400","1,288.8719"
29-May-2019,"1,279.2000",,+0.1400,+0.0109%,"1,279.3149","1,278.4700","1,285.3660"
28-May-2019,"1,279.0600",,-5.7400,-0.4468%,"1,285.1500","1,275.6300","1,286.4230"
27-May-2019,"1,284.8000",,+0.1550,+0.0121%,"1,285.4000","1,283.4000","1,287.3184"
24-May-2019,"1,284.6450",,+1.5950,+0.1243%,"1,283.1500","1,280.2000","1,285.1730"
23-May-2019,"1,283.0500",,+9.6850,+0.7606%,"1,273.4000","1,272.1800","1,287.2255"
22-May-2019,"1,273.3650",,-1.3600,-0.1067%,"1,274.3600","1,271.9000","1,277.1750"
21-May-2019,"1,274.7250",,-2.7700,-0.2168%,"1,277.7000","1,268.9700","1,277.8116"
20-May-2019,"1,277.4950",,+0.3450,+0.0270%,"1,277.5450","1,273.2200","1,278.8933"
17-May-2019,"1,277.1500",,-9.2500,-0.7191%,"1,286.1000","1,274.5100","1,288.8943"
16-May-2019,"1,286.4000",,-10.0150,-0.7725%,"1,296.5000","1,283.7000","1,298.6710"
15-May-2019,"1,296.4150",,-0.3600,-0.0278%,"1,296.9200","1,292.4500","1,300.7727"
14-May-2019,"1,296.7750",,-2.8800,-0.2216%,"1,299.8600","1,293.0800","1,303.2581"
13-May-2019,"1,299.6550",,+14.0550,+1.0933%,"1,286.3100","1,281.3500","1,301.0952"
10-May-2019,"1,285.6000",,+1.8600,+0.1449%,"1,283.9600","1,282.8100","1,289.3282"
09-May-2019,"1,283.7400",,+3.2100,+0.2507%,"1,280.0900","1,279.0100","1,288.1210"
08-May-2019,"1,280.5300",,-3.7700,-0.2935%,"1,283.7600","1,278.9500","1,291.3929"
07-May-2019,"1,284.3000",,+4.2250,+0.3301%,"1,280.7000","1,277.6500","1,285.8947"
06-May-2019,"1,280.0750",,+1.1351,+0.0888%,"1,280.8100","1,276.3500","1,285.5100"
03-May-2019,"1,278.9399",,+8.6499,+0.6809%,"1,270.3600","1,268.5600","1,282.4160"
02-May-2019,"1,270.2900",,-6.0650,-0.4752%,"1,276.5600","1,265.8500","1,277.9301"
01-May-2019,"1,276.3550",,-6.9950,-0.5451%,"1,283.2100","1,272.7400","1,286.9552"
30-Apr-2019,"1,283.3500",,+3.8000,+0.2970%,"1,279.7300","1,279.2900","1,286.1407"
29-Apr-2019,"1,279.5500",,-6.3000,-0.4899%,"1,286.1500","1,277.5300","1,286.5630"
26-Apr-2019,"1,285.8500",,+8.9000,+0.6970%,"1,277.0150","1,275.6500","1,288.5925"
25-Apr-2019,"1,276.9500",,+1.9900,+0.1561%,"1,275.2000","1,273.1000","1,282.3750"
24-Apr-2019,"1,274.9600",,+2.8100,+0.2209%,"1,271.9100","1,268.1500","1,278.3438"
23-Apr-2019,"1,272.1500",,-2.5250,-0.1981%,"1,275.0100","1,265.9000","1,276.4099"
22-Apr-2019,"1,274.6750",,-0.3350,-0.0263%,"1,275.5800","1,273.2000","1,279.7095"
18-Apr-2019,"1,275.0100",,+1.2700,+0.0997%,"1,272.9900","1,270.6300","1,277.5676"
17-Apr-2019,"1,273.7400",,-2.4300,-0.1904%,"1,276.4600","1,272.5300","1,279.6575"
16-Apr-2019,"1,276.1700",,-11.4650,-0.8904%,"1,287.5100","1,272.7000","1,288.6024"
15-Apr-2019,"1,287.6350",,-2.3650,-0.1833%,"1,290.2000","1,281.9600","1,291.7642"
12-Apr-2019,"1,290.0000",,-2.3450,-0.1815%,"1,291.9000","1,289.7100","1,295.6528"
11-Apr-2019,"1,292.3450",,-15.4500,-1.1814%,"1,307.7000","1,289.2000","1,309.1107"
10-Apr-2019,"1,307.7950",,+3.9100,+0.2999%,"1,303.7100","1,300.6400","1,310.5004"
09-Apr-2019,"1,303.8850",,+6.7200,+0.5181%,"1,296.9900","1,296.3000","1,306.0935"
08-Apr-2019,"1,297.1650",,+5.8650,+0.4542%,"1,291.4000","1,291.1000","1,303.6089"
05-Apr-2019,"1,291.3000",,-0.8250,-0.0638%,"1,292.0600","1,284.0600","1,293.3733"
04-Apr-2019,"1,292.1250",,+2.4700,+0.1915%,"1,289.7000","1,280.5900","1,294.1117"
03-Apr-2019,"1,289.6550",,-3.0950,-0.2394%,"1,291.9600","1,287.9500","1,294.4250"
02-Apr-2019,"1,292.7500",,+5.3350,+0.4144%,"1,287.1500","1,284.7600","1,292.7500"
01-Apr-2019,"1,287.4150",,-4.4850,-0.3472%,"1,291.0800","1,286.2500","1,296.7880"
29-Mar-2019,"1,291.9000",,+1.7500,+0.1356%,"1,289.8900","1,286.3500","1,299.5721"
28-Mar-2019,"1,290.1500",,-19.3100,-1.4747%,"1,309.4500","1,288.3000","1,312.2277"
27-Mar-2019,"1,309.4600",,-5.9600,-0.4531%,"1,315.4050","1,307.6600","1,319.1697"
26-Mar-2019,"1,315.4200",,-6.3800,-0.4827%,"1,321.4100","1,312.4100","1,323.1400"
25-Mar-2019,"1,321.8000",,+8.6700,+0.6603%,"1,312.9500","1,310.7000","1,324.3295"
22-Mar-2019,"1,313.1300",,+3.9250,+0.2998%,"1,308.8900","1,306.5600","1,314.8309"
21-Mar-2019,"1,309.2050",,-3.0300,-0.2309%,"1,312.3900","1,303.0000","1,320.2209"
20-Mar-2019,"1,312.2350",,+5.9350,+0.4543%,"1,305.3600","1,298.2500","1,316.5835"
19-Mar-2019,"1,306.3000",,+2.8500,+0.2187%,"1,303.2000","1,302.2000","1,310.8226"
18-Mar-2019,"1,303.4500",,+2.3200,+0.1783%,"1,301.3900","1,297.8700","1,306.5273"
15-Mar-2019,"1,301.1300",,+5.0975,+0.3933%,"1,295.4900","1,293.4100","1,306.3295"
14-Mar-2019,"1,296.0325",,-12.9975,-0.9929%,"1,309.3600","1,292.5000","1,310.2053"
13-Mar-2019,"1,309.0300",,+7.2700,+0.5585%,"1,301.7600","1,300.3100","1,311.0753"
12-Mar-2019,"1,301.7600",,+7.7600,+0.5997%,"1,293.4600","1,291.8100","1,301.9449"
11-Mar-2019,"1,294.0000",,-4.0100,-0.3089%,"1,298.4500","1,289.9000","1,299.0210"
08-Mar-2019,"1,298.0100",,+12.5150,+0.9736%,"1,285.5250","1,284.9000","1,300.6100"
07-Mar-2019,"1,285.4950",,-0.8650,-0.0672%,"1,286.4637","1,280.9100","1,288.8110"
06-Mar-2019,"1,286.3600",,-0.8201,-0.0637%,"1,287.2253","1,283.0500","1,290.6742"
05-Mar-2019,"1,287.1801",,+0.7651,+0.0595%,"1,286.4161","1,280.7000","1,289.4995"
04-Mar-2019,"1,286.4150",,-6.8973,-0.5333%,"1,293.3650","1,282.5000","1,296.8550"
01-Mar-2019,"1,293.3123",,-19.3477,-1.4739%,"1,312.5600","1,289.9100","1,315.0780"
28-Feb-2019,"1,312.6600",,-7.1400,-0.5410%,"1,319.8000","1,312.1500","1,327.0400"
27-Feb-2019,"1,319.8000",,-8.7600,-0.6594%,"1,328.8400","1,316.4300","1,329.5600"
26-Feb-2019,"1,328.5600",,+1.4999,+0.1130%,"1,327.0400","1,323.2100","1,330.1899"
25-Feb-2019,"1,327.0601",,-0.6499,-0.0489%,"1,328.5100","1,324.9700","1,332.5300"
22-Feb-2019,"1,327.7100",,+4.6000,+0.3477%,"1,323.4301","1,321.0800","1,333.0900"
21-Feb-2019,"1,323.1100",,-15.3000,-1.1431%,"1,338.5100","1,321.8600","1,341.4900"
20-Feb-2019,"1,338.4100",,-2.6700,-0.1991%,"1,341.1700","1,336.5500","1,346.7300"
19-Feb-2019,"1,341.0800",,+14.9300,+1.1258%,"1,325.8199","1,322.2400","1,341.7800"
18-Feb-2019,"1,326.1500",,+5.1400,+0.3891%,"1,321.2000","1,320.3600","1,327.6400"
15-Feb-2019,"1,321.0100",,+8.5300,+0.6499%,"1,312.5800","1,310.7600","1,322.5800"
14-Feb-2019,"1,312.4800",,+6.3600,+0.4869%,"1,306.0900","1,302.5600","1,314.3600"
13-Feb-2019,"1,306.1200",,-4.3900,-0.3350%,"1,310.8101","1,304.4300","1,318.1200"
12-Feb-2019,"1,310.5100",,+2.2500,+0.1720%,"1,308.1600","1,306.2600","1,314.7300"
11-Feb-2019,"1,308.2600",,-5.7300,-0.4361%,"1,314.1500","1,303.5100","1,314.8101"
08-Feb-2019,"1,313.9900",,+3.9600,+0.3023%,"1,310.0699","1,307.1500","1,315.6400"
07-Feb-2019,"1,310.0300",,+3.8800,+0.2971%,"1,305.8100","1,302.1100","1,311.9301"
06-Feb-2019,"1,306.1500",,-8.8000,-0.6692%,"1,314.9500","1,305.3000","1,315.8000"
05-Feb-2019,"1,314.9500",,+3.2601,+0.2485%,"1,311.6899","1,310.2400","1,316.8000"
04-Feb-2019,"1,311.6899",,-6.2402,-0.4735%,"1,317.4800","1,308.2000","1,318.7300"
01-Feb-2019,"1,317.9301",,-2.6299,-0.1992%,"1,320.8800","1,315.5900","1,323.5100"
31-Jan-2019,"1,320.5600",,+1.0500,+0.0796%,"1,319.8000","1,317.1600","1,326.3000"
30-Jan-2019,"1,319.5100",,+7.6500,+0.5831%,"1,311.8700","1,308.4100","1,323.3400"
29-Jan-2019,"1,311.8600",,+8.4000,+0.6444%,"1,303.4600","1,302.0500","1,311.9800"
28-Jan-2019,"1,303.4600",,+0.3200,+0.0246%,"1,303.4200","1,297.2000","1,304.4200"
25-Jan-2019,"1,303.1400",,+22.5800,+1.7633%,"1,280.8600","1,279.3100","1,303.6100"
24-Jan-2019,"1,280.5600",,-1.4500,-0.1131%,"1,282.3600","1,276.5900","1,284.7700"
23-Jan-2019,"1,282.0100",,-2.6300,-0.2047%,"1,284.9500","1,278.0000","1,286.5400"
22-Jan-2019,"1,284.6400",,+5.1100,+0.3994%,"1,279.3300","1,276.8500","1,285.4399"
21-Jan-2019,"1,279.5300",,-1.5800,-0.1233%,"1,281.0000","1,276.3100","1,283.5400"
18-Jan-2019,"1,281.1100",,-10.2900,-0.7968%,"1,291.8000","1,280.2500","1,292.4700"
17-Jan-2019,"1,291.4000",,-2.0399,-0.1577%,"1,293.4900","1,288.4600","1,295.3400"
16-Jan-2019,"1,293.4399",,+4.1999,+0.3258%,"1,289.0400","1,287.5000","1,294.9399"
15-Jan-2019,"1,289.2400",,-2.4499,-0.1897%,"1,291.6899","1,286.3000","1,294.6300"
14-Jan-2019,"1,291.6899",,+4.1899,+0.3254%,"1,287.1100","1,287.1100","1,295.8500"
11-Jan-2019,"1,287.5000",,+1.1801,+0.0917%,"1,286.2200","1,285.7500","1,295.1500"
10-Jan-2019,"1,286.3199",,-6.7301,-0.5205%,"1,293.0500","1,285.7500","1,297.0800"
09-Jan-2019,"1,293.0500",,+8.2000,+0.6382%,"1,285.2800","1,279.5500","1,293.8700"
08-Jan-2019,"1,284.8500",,-3.7800,-0.2933%,"1,288.6300","1,278.7000","1,290.1899"
07-Jan-2019,"1,288.6300",,+3.8000,+0.2958%,"1,285.7400","1,282.2500","1,295.1000"
04-Jan-2019,"1,284.8300",,-8.7800,-0.6787%,"1,293.9700","1,276.4000","1,298.4200"
03-Jan-2019,"1,293.6100",,+8.8700,+0.6904%,"1,284.7400","1,283.7700","1,294.8800"
02-Jan-2019,"1,284.7400",,,,"1,281.5900","1,278.3000","1,288.6600"