Exchange Date,Close,Net,%Chg,Open,Low,High,Volume
02-Jan-2019,"6,360.869",,,"6,198.675","6,198.675","6,394.735","202,726,008"
03-Jan-2019,"6,147.128",-213.741,-3.360%,"6,274.759","6,139.403","6,292.684","286,070,868"
04-Jan-2019,"6,422.674",+275.546,+4.483%,"6,250.054","6,234.587","6,445.195","272,836,810"
07-Jan-2019,"6,488.254",+65.580,+1.021%,"6,434.549","6,412.980","6,521.445","224,764,232"
08-Jan-2019,"6,551.847",+63.593,+0.980%,"6,555.910","6,457.004","6,574.731","219,264,274"
09-Jan-2019,"6,600.694",+48.847,+0.746%,"6,576.540","6,549.439","6,631.062","223,356,034"
10-Jan-2019,"6,620.942",+20.248,+0.307%,"6,551.052","6,517.545","6,625.113","192,687,658"
11-Jan-2019,"6,601.395",-19.547,-0.295%,"6,579.891","6,562.039","6,604.557","173,531,957"
14-Jan-2019,"6,541.038",-60.357,-0.914%,"6,536.369","6,512.640","6,566.869","177,780,617"
15-Jan-2019,"6,669.638",+128.600,+1.966%,"6,571.145","6,567.322","6,674.533","173,904,661"
16-Jan-2019,"6,668.562",-1.076,-0.016%,"6,677.378","6,665.050","6,720.405","175,729,628"
17-Jan-2019,"6,718.453",+49.891,+0.748%,"6,646.188","6,637.096","6,747.283","171,128,225"
18-Jan-2019,"6,784.608",+66.155,+0.985%,"6,771.522","6,727.938","6,816.230","253,242,024"
22-Jan-2019,"6,646.813",-137.795,-2.031%,"6,736.646","6,603.563","6,738.573","246,398,811"
23-Jan-2019,"6,658.763",+11.950,+0.180%,"6,689.077","6,584.496","6,712.864","197,171,111"
24-Jan-2019,"6,702.547",+43.784,+0.658%,"6,680.344","6,656.525","6,710.730","230,486,706"
25-Jan-2019,"6,787.371",+84.824,+1.266%,"6,755.668","6,733.320","6,800.969","246,845,675"
28-Jan-2019,"6,697.087",-90.284,-1.330%,"6,691.840","6,644.307","6,697.532","216,553,935"
29-Jan-2019,"6,632.792",-64.295,-0.960%,"6,695.710","6,613.418","6,701.470","183,311,510"
30-Jan-2019,"6,807.909",+175.117,+2.640%,"6,708.562","6,688.329","6,826.923","246,696,854"
31-Jan-2019,"6,906.839",+98.930,+1.453%,"6,840.927","6,837.916","6,936.344","327,553,633"
01-Feb-2019,"6,875.518",-31.321,-0.453%,"6,872.725","6,857.308","6,921.950","220,672,760"
04-Feb-2019,"6,959.957",+84.439,+1.228%,"6,876.563","6,872.605","6,960.965","177,351,303"
05-Feb-2019,"7,023.521",+63.564,+0.913%,"6,969.371","6,967.939","7,029.766","206,727,644"
06-Feb-2019,"6,997.622",-25.899,-0.369%,"7,023.888","6,969.829","7,034.940","193,599,210"
07-Feb-2019,"6,904.981",-92.641,-1.324%,"6,934.329","6,854.353","6,954.769","204,463,401"
08-Feb-2019,"6,913.130",+8.149,+0.118%,"6,843.329","6,836.698","6,914.562","168,044,368"
11-Feb-2019,"6,909.185",-3.945,-0.057%,"6,941.256","6,893.799","6,958.328","166,328,167"
12-Feb-2019,"7,014.669",+105.484,+1.527%,"6,960.554","6,948.329","7,021.758","188,907,942"
13-Feb-2019,"7,015.876",+1.207,+0.017%,"7,038.316","7,009.733","7,062.577","168,574,335"
14-Feb-2019,"7,022.419",+6.543,+0.093%,"6,986.507","6,969.686","7,047.878","168,003,699"
15-Feb-2019,"7,055.179",+32.760,+0.467%,"7,066.384","7,022.302","7,073.990","202,527,912"
19-Feb-2019,"7,066.612",+11.433,+0.162%,"7,033.374","7,032.778","7,089.101","150,460,006"
20-Feb-2019,"7,062.339",-4.273,-0.060%,"7,070.235","7,027.367","7,096.151","169,850,231"
21-Feb-2019,"7,035.164",-27.175,-0.385%,"7,047.078","7,001.798","7,063.068","158,191,000"
22-Feb-2019,"7,090.625",+55.461,+0.788%,"7,055.200","7,050.010","7,094.290","197,935,565"
25-Feb-2019,"7,115.426",+24.801,+0.350%,"7,144.337","7,111.783","7,161.734","179,059,441"
26-Feb-2019,"7,123.216",+7.790,+0.109%,"7,098.968","7,087.144","7,144.650","162,752,040"
27-Feb-2019,"7,117.005",-6.211,-0.087%,"7,095.749","7,045.414","7,125.780","166,319,314"
28-Feb-2019,"7,097.525",-19.480,-0.274%,"7,093.200","7,081.918","7,125.920","231,605,122"
01-Mar-2019,"7,151.572",+54.047,+0.761%,"7,152.076","7,101.068","7,159.960","182,809,977"
04-Mar-2019,"7,150.833",-0.739,-0.010%,"7,193.878","7,073.405","7,205.943","200,622,814"
05-Mar-2019,"7,156.785",+5.952,+0.083%,"7,156.657","7,120.695","7,178.304","181,030,973"
06-Mar-2019,"7,112.468",-44.317,-0.619%,"7,156.245","7,104.550","7,162.239","164,733,543"
07-Mar-2019,"7,026.883",-85.585,-1.203%,"7,089.632","7,001.806","7,097.906","182,755,276"
08-Mar-2019,"7,015.690",-11.193,-0.159%,"6,940.901","6,940.723","7,018.919","177,748,826"
11-Mar-2019,"7,164.020",+148.330,+2.114%,"7,050.046","7,049.557","7,166.925","171,045,098"
12-Mar-2019,"7,201.281",+37.261,+0.520%,"7,176.234","7,166.946","7,219.408","175,014,712"
13-Mar-2019,"7,256.982",+55.701,+0.773%,"7,231.053","7,229.883","7,292.864","199,868,652"
14-Mar-2019,"7,243.014",-13.968,-0.192%,"7,257.312","7,240.961","7,267.936","195,337,666"
15-Mar-2019,"7,306.987",+63.973,+0.883%,"7,274.135","7,265.635","7,331.295","456,550,379"
18-Mar-2019,"7,326.281",+19.294,+0.264%,"7,311.634","7,293.852","7,348.689","179,297,335"
19-Mar-2019,"7,349.278",+22.997,+0.314%,"7,357.581","7,321.925","7,390.286","236,909,445"
20-Mar-2019,"7,380.754",+31.476,+0.428%,"7,348.993","7,318.423","7,422.755","202,539,841"
21-Mar-2019,"7,493.269",+112.515,+1.524%,"7,356.941","7,356.941","7,505.407","220,564,567"
22-Mar-2019,"7,326.057",-167.212,-2.231%,"7,458.440","7,323.516","7,482.354","219,570,237"
25-Mar-2019,"7,316.958",-9.099,-0.124%,"7,299.933","7,265.276","7,342.508","168,622,987"
26-Mar-2019,"7,351.150",+34.192,+0.467%,"7,378.234","7,314.376","7,417.261","172,866,742"
27-Mar-2019,"7,308.193",-42.957,-0.584%,"7,364.473","7,252.064","7,376.989","178,217,600"
28-Mar-2019,"7,320.472",+12.279,+0.168%,"7,325.059","7,277.694","7,346.039","138,739,964"
29-Mar-2019,"7,378.771",+58.299,+0.796%,"7,377.768","7,333.168","7,381.690","201,372,548"
01-Apr-2019,"7,478.416",+99.645,+1.350%,"7,450.812","7,422.435","7,481.840","166,954,063"
02-Apr-2019,"7,499.639",+21.223,+0.284%,"7,473.508","7,461.511","7,507.054","152,974,626"
03-Apr-2019,"7,544.972",+45.333,+0.604%,"7,538.170","7,520.401","7,589.690","218,596,952"
04-Apr-2019,"7,540.568",-4.404,-0.058%,"7,542.156","7,496.300","7,571.129","164,960,098"
05-Apr-2019,"7,578.840",+38.272,+0.508%,"7,564.268","7,554.908","7,581.897","147,627,035"
08-Apr-2019,"7,599.742",+20.902,+0.276%,"7,565.057","7,536.422","7,602.080","141,438,341"
09-Apr-2019,"7,568.486",-31.256,-0.411%,"7,571.884","7,555.624","7,596.751","154,643,094"
10-Apr-2019,"7,611.488",+43.002,+0.568%,"7,581.390","7,573.280","7,613.409","135,379,651"
11-Apr-2019,"7,594.890",-16.598,-0.218%,"7,621.400","7,580.705","7,621.400","128,381,747"
12-Apr-2019,"7,628.150",+33.260,+0.438%,"7,624.148","7,596.565","7,630.516","139,849,373"
15-Apr-2019,"7,629.120",+0.970,+0.013%,"7,630.603","7,578.543","7,636.805","129,616,332"
16-Apr-2019,"7,654.731",+25.611,+0.336%,"7,651.185","7,631.641","7,670.402","165,459,124"
17-Apr-2019,"7,680.718",+25.987,+0.339%,"7,705.317","7,659.854","7,715.070","198,939,241"
18-Apr-2019,"7,689.715",+8.997,+0.117%,"7,688.933","7,647.402","7,694.182","188,479,070"
22-Apr-2019,"7,713.495",+23.780,+0.309%,"7,658.370","7,653.887","7,715.326","129,116,879"
23-Apr-2019,"7,810.706",+97.211,+1.260%,"7,724.169","7,719.093","7,819.336","171,311,565"
24-Apr-2019,"7,784.413",-26.293,-0.337%,"7,813.016","7,783.589","7,827.049","180,437,858"
25-Apr-2019,"7,816.919",+32.506,+0.418%,"7,850.713","7,778.229","7,851.975","192,123,019"
26-Apr-2019,"7,826.679",+9.760,+0.125%,"7,791.151","7,742.597","7,826.889","187,504,148"
29-Apr-2019,"7,839.038",+12.359,+0.158%,"7,825.635","7,812.968","7,851.852","143,979,617"
30-Apr-2019,"7,781.456",-57.582,-0.735%,"7,769.299","7,726.068","7,792.316","195,630,671"
01-May-2019,"7,751.847",-29.609,-0.381%,"7,828.140","7,749.740","7,851.034","186,856,503"
02-May-2019,"7,724.056",-27.791,-0.359%,"7,751.635","7,672.544","7,791.506","182,849,954"
03-May-2019,"7,845.729",+121.673,+1.575%,"7,784.286","7,772.444","7,847.518","168,292,543"
06-May-2019,"7,794.093",-51.636,-0.658%,"7,662.924","7,662.924","7,804.545","170,541,589"
07-May-2019,"7,640.149",-153.944,-1.975%,"7,713.490","7,572.613","7,743.058","234,695,916"
08-May-2019,"7,617.550",-22.599,-0.296%,"7,623.322","7,593.750","7,678.819","182,203,080"
09-May-2019,"7,582.746",-34.804,-0.457%,"7,525.808","7,472.711","7,605.034","200,565,960"
10-May-2019,"7,586.531",+3.785,+0.050%,"7,556.042","7,426.754","7,623.013","198,033,913"
13-May-2019,"7,324.132",-262.399,-3.459%,"7,385.550","7,303.644","7,433.919","253,311,106"
14-May-2019,"7,401.884",+77.752,+1.062%,"7,366.640","7,337.939","7,449.025","185,929,423"
15-May-2019,"7,503.246",+101.362,+1.369%,"7,354.823","7,353.901","7,524.223","172,931,390"
16-May-2019,"7,580.142",+76.896,+1.025%,"7,509.905","7,502.763","7,627.028","189,213,843"
17-May-2019,"7,503.680",-76.462,-1.009%,"7,513.153","7,496.923","7,605.669","212,216,591"
20-May-2019,"7,376.703",-126.977,-1.692%,"7,391.727","7,351.922","7,424.586","211,416,184"
21-May-2019,"7,451.020",+74.317,+1.007%,"7,442.306","7,417.073","7,472.706","164,744,530"
22-May-2019,"7,420.656",-30.364,-0.408%,"7,413.841","7,410.715","7,458.111","153,964,747"
23-May-2019,"7,307.933",-112.723,-1.519%,"7,331.674","7,261.457","7,337.471","218,844,517"
24-May-2019,"7,300.961",-6.972,-0.095%,"7,353.974","7,294.100","7,371.299","143,590,379"
28-May-2019,"7,278.376",-22.585,-0.309%,"7,321.266","7,274.697","7,362.289","293,463,651"
29-May-2019,"7,216.859",-61.517,-0.845%,"7,222.551","7,176.668","7,254.197","195,444,438"
30-May-2019,"7,245.403",+28.544,+0.396%,"7,234.826","7,204.417","7,262.774","135,812,140"
31-May-2019,"7,127.956",-117.447,-1.621%,"7,148.709","7,125.974","7,183.229","183,953,224"
03-Jun-2019,"6,978.017",-149.939,-2.104%,"7,110.344","6,936.682","7,126.427","245,980,650"
04-Jun-2019,"7,166.747",+188.730,+2.705%,"7,056.182","7,023.095","7,169.791","217,168,553"
05-Jun-2019,"7,220.903",+54.156,+0.756%,"7,230.814","7,146.434","7,235.229","181,764,738"
06-Jun-2019,"7,275.927",+55.024,+0.762%,"7,229.860","7,201.586","7,293.222","172,720,381"
07-Jun-2019,"7,417.291",+141.364,+1.943%,"7,315.331","7,309.006","7,445.993","176,533,749"
10-Jun-2019,"7,501.929",+84.638,+1.141%,"7,472.595","7,468.165","7,572.996","176,903,492"
11-Jun-2019,"7,513.849",+11.920,+0.159%,"7,584.751","7,489.991","7,595.568","162,195,211"
12-Jun-2019,"7,472.294",-41.555,-0.553%,"7,493.548","7,459.201","7,507.519","141,899,078"
13-Jun-2019,"7,510.683",+38.389,+0.514%,"7,500.846","7,487.091","7,530.905","140,049,685"
14-Jun-2019,"7,479.111",-31.572,-0.420%,"7,476.470","7,454.867","7,500.742","152,294,433"
17-Jun-2019,"7,526.519",+47.408,+0.634%,"7,500.276","7,492.168","7,546.990","147,033,030"
18-Jun-2019,"7,635.400",+108.881,+1.447%,"7,606.612","7,595.594","7,689.076","197,019,414"
19-Jun-2019,"7,667.738",+32.338,+0.424%,"7,652.520","7,606.284","7,681.561","166,280,389"
20-Jun-2019,"7,738.055",+70.317,+0.917%,"7,770.172","7,681.427","7,770.608","170,378,377"
21-Jun-2019,"7,728.782",-9.273,-0.120%,"7,719.424","7,708.245","7,772.533","385,157,240"
24-Jun-2019,"7,723.021",-5.761,-0.075%,"7,737.005","7,720.779","7,746.677","153,058,833"
25-Jun-2019,"7,591.536",-131.485,-1.703%,"7,720.913","7,584.165","7,723.038","173,042,969"
26-Jun-2019,"7,627.051",+35.515,+0.468%,"7,642.917","7,616.911","7,688.638","192,599,019"
27-Jun-2019,"7,657.048",+29.997,+0.393%,"7,656.680","7,636.724","7,672.978","150,213,344"
28-Jun-2019,"7,671.075",+14.027,+0.183%,"7,674.518","7,639.445","7,682.260","318,502,710"
01-Jul-2019,"7,768.138",+97.063,+1.265%,"7,816.561","7,735.668","7,820.809","182,628,672"
02-Jul-2019,"7,799.824",+31.686,+0.408%,"7,763.031","7,746.010","7,800.473","139,653,383"
03-Jul-2019,"7,857.690",+57.866,+0.742%,"7,819.063","7,811.291","7,857.690","111,138,143"
05-Jul-2019,"7,841.301",-16.389,-0.209%,"7,806.070","7,774.587","7,854.708","125,480,399"
08-Jul-2019,"7,785.787",-55.514,-0.708%,"7,790.461","7,756.109","7,792.204","143,854,437"
09-Jul-2019,"7,826.858",+41.071,+0.528%,"7,748.286","7,748.232","7,833.925","146,876,118"
10-Jul-2019,"7,903.401",+76.543,+0.978%,"7,869.734","7,858.677","7,923.932","165,084,059"
11-Jul-2019,"7,896.776",-6.625,-0.084%,"7,918.647","7,873.163","7,934.596","149,722,577"
12-Jul-2019,"7,943.241",+46.465,+0.588%,"7,908.576","7,900.389","7,944.076","178,331,771"
15-Jul-2019,"7,966.926",+23.685,+0.298%,"7,961.071","7,940.454","7,969.794","149,407,321"
16-Jul-2019,"7,927.077",-39.849,-0.500%,"7,958.440","7,904.946","7,965.760","139,650,198"
17-Jul-2019,"7,888.762",-38.315,-0.483%,"7,927.910","7,887.983","7,941.102","144,403,131"
18-Jul-2019,"7,904.132",+15.370,+0.195%,"7,850.117","7,827.491","7,912.331","156,444,096"
19-Jul-2019,"7,834.897",-69.235,-0.876%,"7,944.863","7,832.393","7,950.225","177,804,859"
22-Jul-2019,"7,905.119",+70.222,+0.896%,"7,862.379","7,862.266","7,918.466","149,003,736"
23-Jul-2019,"7,954.564",+49.445,+0.625%,"7,946.051","7,895.050","7,955.087","138,293,715"
24-Jul-2019,"8,010.605",+56.041,+0.705%,"7,928.778","7,926.985","8,010.826","169,253,722"
25-Jul-2019,"7,929.867",-80.738,-1.008%,"7,979.136","7,921.214","7,983.956","176,526,583"
26-Jul-2019,"8,016.953",+87.086,+1.098%,"7,992.125","7,986.719","8,027.179","166,605,790"
29-Jul-2019,"7,989.082",-27.871,-0.348%,"8,010.052","7,939.976","8,010.052","166,743,607"
30-Jul-2019,"7,952.473",-36.609,-0.458%,"7,927.561","7,923.446","7,983.110","145,343,431"
31-Jul-2019,"7,848.780",-103.693,-1.304%,"7,972.762","7,774.931","7,979.204","241,204,627"
01-Aug-2019,"7,801.146",-47.634,-0.607%,"7,866.600","7,769.018","8,000.942","229,348,980"
02-Aug-2019,"7,692.801",-108.345,-1.389%,"7,740.910","7,645.175","7,755.094","195,776,716"
05-Aug-2019,"7,415.691",-277.110,-3.602%,"7,510.020","7,356.265","7,528.903","260,461,968"
06-Aug-2019,"7,521.322",+105.631,+1.424%,"7,492.017","7,432.309","7,541.740","188,953,648"
07-Aug-2019,"7,551.900",+30.578,+0.407%,"7,436.143","7,386.389","7,569.895","192,753,658"
08-Aug-2019,"7,724.830",+172.930,+2.290%,"7,608.031","7,576.819","7,726.457","220,273,768"
09-Aug-2019,"7,646.268",-78.562,-1.017%,"7,684.562","7,591.136","7,709.505","177,031,195"
12-Aug-2019,"7,561.682",-84.586,-1.106%,"7,597.194","7,528.951","7,623.435","166,700,582"
13-Aug-2019,"7,728.151",+166.469,+2.201%,"7,561.682","7,553.330","7,778.343","213,465,649"
14-Aug-2019,"7,490.130",-238.021,-3.080%,"7,594.644","7,480.580","7,621.697","227,839,510"
15-Aug-2019,"7,484.888",-5.242,-0.070%,"7,503.143","7,429.363","7,523.499","175,066,955"
16-Aug-2019,"7,604.109",+119.221,+1.593%,"7,548.897","7,548.897","7,622.728","172,432,220"
19-Aug-2019,"7,719.323",+115.214,+1.515%,"7,715.412","7,688.087","7,740.739","158,809,787"
20-Aug-2019,"7,664.471",-54.852,-0.711%,"7,708.310","7,664.209","7,731.309","136,550,301"
21-Aug-2019,"7,733.216",+68.745,+0.897%,"7,731.746","7,706.570","7,754.656","114,957,536"
22-Aug-2019,"7,707.427",-25.789,-0.333%,"7,750.979","7,649.277","7,764.788","134,140,858"
23-Aug-2019,"7,464.995",-242.432,-3.145%,"7,658.481","7,442.933","7,722.428","226,228,815"
26-Aug-2019,"7,575.019",+110.024,+1.474%,"7,540.688","7,506.174","7,577.767","141,312,006"
27-Aug-2019,"7,566.027",-8.992,-0.119%,"7,630.457","7,531.965","7,640.684","161,637,050"
28-Aug-2019,"7,587.896",+21.869,+0.289%,"7,536.699","7,500.223","7,598.146","127,115,857"
29-Aug-2019,"7,702.312",+114.416,+1.508%,"7,678.688","7,654.312","7,723.942","132,362,552"
30-Aug-2019,"7,690.998",-11.314,-0.147%,"7,743.234","7,642.901","7,747.076","155,116,429"
03-Sep-2019,"7,609.513",-81.485,-1.059%,"7,634.031","7,584.817","7,670.174","141,818,490"
04-Sep-2019,"7,719.246",+109.733,+1.442%,"7,683.781","7,663.641","7,724.912","152,705,086"
05-Sep-2019,"7,862.539",+143.293,+1.856%,"7,803.452","7,803.452","7,879.968","177,165,360"
06-Sep-2019,"7,852.539",-10.000,-0.127%,"7,868.874","7,835.890","7,874.990","143,928,770"
09-Sep-2019,"7,832.403",-20.136,-0.256%,"7,876.404","7,795.859","7,877.414","164,515,441"
10-Sep-2019,"7,814.742",-17.661,-0.225%,"7,793.275","7,743.615","7,817.583","169,118,776"
11-Sep-2019,"7,887.581",+72.839,+0.932%,"7,820.712","7,812.072","7,888.342","174,737,830"
12-Sep-2019,"7,917.340",+29.759,+0.377%,"7,931.965","7,907.332","7,975.326","172,945,694"
13-Sep-2019,"7,892.955",-24.385,-0.308%,"7,903.725","7,879.593","7,923.413","137,908,426"
16-Sep-2019,"7,852.412",-40.543,-0.514%,"7,833.733","7,831.761","7,868.735","127,984,493"
17-Sep-2019,"7,888.786",+36.374,+0.463%,"7,849.880","7,840.986","7,891.208","131,293,604"
18-Sep-2019,"7,888.556",-0.230,-0.003%,"7,877.583","7,791.582","7,891.169","148,226,986"
19-Sep-2019,"7,901.792",+13.236,+0.168%,"7,904.395","7,888.307","7,950.207","136,331,984"
20-Sep-2019,"7,823.553",-78.239,-0.990%,"7,901.462","7,794.271","7,920.532","425,831,216"
23-Sep-2019,"7,818.610",-4.943,-0.063%,"7,815.233","7,790.286","7,842.978","138,566,667"
24-Sep-2019,"7,710.044",-108.566,-1.389%,"7,855.971","7,684.800","7,873.254","205,299,263"
25-Sep-2019,"7,803.541",+93.497,+1.213%,"7,706.501","7,647.634","7,822.431","154,551,309"
26-Sep-2019,"7,771.992",-31.549,-0.404%,"7,794.279","7,718.692","7,798.119","146,934,248"
27-Sep-2019,"7,681.579",-90.413,-1.163%,"7,786.028","7,626.817","7,790.804","170,022,483"
30-Sep-2019,"7,749.449",+67.870,+0.884%,"7,705.970","7,693.493","7,761.839","144,629,254"
01-Oct-2019,"7,684.142",-65.307,-0.843%,"7,782.818","7,675.419","7,821.725","150,444,543"
02-Oct-2019,"7,550.786",-133.356,-1.735%,"7,627.591","7,513.690","7,631.338","187,735,233"
03-Oct-2019,"7,638.395",+87.609,+1.160%,"7,557.193","7,463.571","7,640.424","152,625,556"
04-Oct-2019,"7,754.102",+115.707,+1.515%,"7,677.325","7,670.916","7,759.360","134,982,187"
07-Oct-2019,"7,725.129",-28.973,-0.374%,"7,725.684","7,712.676","7,784.790","130,610,627"
08-Oct-2019,"7,604.270",-120.859,-1.564%,"7,671.382","7,603.760","7,707.174","152,358,435"
09-Oct-2019,"7,690.529",+86.259,+1.134%,"7,678.664","7,655.478","7,717.937","114,220,572"
10-Oct-2019,"7,740.362",+49.833,+0.648%,"7,688.418","7,682.614","7,772.678","126,742,037"
11-Oct-2019,"7,843.875",+103.513,+1.337%,"7,835.931","7,831.107","7,904.051","180,491,876"
14-Oct-2019,"7,842.334",-1.541,-0.020%,"7,834.745","7,827.157","7,865.672","112,426,545"
15-Oct-2019,"7,942.851",+100.517,+1.282%,"7,867.964","7,863.652","7,960.137","126,116,292"
16-Oct-2019,"7,920.209",-22.642,-0.285%,"7,911.988","7,898.315","7,941.764","134,259,078"
17-Oct-2019,"7,942.144",+21.935,+0.277%,"7,976.643","7,914.939","7,981.142","124,567,898"
18-Oct-2019,"7,868.491",-73.653,-0.927%,"7,938.296","7,829.754","7,946.810","176,073,011"
21-Oct-2019,"7,940.331",+71.840,+0.913%,"7,911.583","7,887.739","7,941.484","133,086,209"
22-Oct-2019,"7,874.616",-65.715,-0.828%,"7,968.246","7,871.981","7,977.009","139,015,132"
23-Oct-2019,"7,889.473",+14.857,+0.189%,"7,858.477","7,845.087","7,890.206","136,793,320"
24-Oct-2019,"7,966.719",+77.246,+0.979%,"7,956.234","7,912.717","7,969.657","158,182,829"
25-Oct-2019,"8,029.217",+62.498,+0.784%,"7,926.601","7,926.601","8,033.292","150,679,007"
28-Oct-2019,"8,110.669",+81.452,+1.014%,"8,071.392","8,070.896","8,119.734","140,842,487"
29-Oct-2019,"8,047.509",-63.160,-0.779%,"8,101.549","8,045.644","8,108.606","135,776,723"
30-Oct-2019,"8,083.113",+35.604,+0.442%,"8,056.900","8,017.918","8,096.325","140,824,130"
31-Oct-2019,"8,083.832",+0.719,+0.009%,"8,100.617","8,041.655","8,110.436","180,212,258"
01-Nov-2019,"8,161.167",+77.335,+0.957%,"8,121.950","8,111.731","8,161.978","162,536,279"
04-Nov-2019,"8,210.664",+49.497,+0.606%,"8,218.928","8,197.318","8,228.325","150,903,853"
05-Nov-2019,"8,210.175",-0.489,-0.006%,"8,225.345","8,191.051","8,229.093","153,802,275"
06-Nov-2019,"8,196.028",-14.147,-0.172%,"8,204.338","8,157.359","8,204.338","144,669,780"
07-Nov-2019,"8,219.646",+23.618,+0.288%,"8,237.680","8,198.914","8,271.817","166,564,922"
08-Nov-2019,"8,255.886",+36.240,+0.441%,"8,208.371","8,186.312","8,256.287","135,065,500"
11-Nov-2019,"8,241.912",-13.974,-0.169%,"8,212.373","8,202.361","8,245.890","112,624,911"
12-Nov-2019,"8,263.789",+21.877,+0.265%,"8,249.616","8,238.328","8,293.181","129,357,422"
13-Nov-2019,"8,259.813",-3.976,-0.048%,"8,235.683","8,233.380","8,274.610","136,689,831"
14-Nov-2019,"8,257.831",-1.982,-0.024%,"8,238.852","8,212.594","8,264.941","132,491,755"
15-Nov-2019,"8,315.523",+57.692,+0.699%,"8,303.842","8,284.205","8,315.901","184,104,773"
18-Nov-2019,"8,328.479",+12.956,+0.156%,"8,303.220","8,274.682","8,340.408","151,112,212"
19-Nov-2019,"8,338.737",+10.258,+0.123%,"8,357.432","8,308.275","8,357.796","155,128,081"
20-Nov-2019,"8,283.753",-54.984,-0.659%,"8,315.547","8,226.252","8,339.264","271,478,996"
21-Nov-2019,"8,265.618",-18.135,-0.219%,"8,273.949","8,242.221","8,282.328","145,458,867"
22-Nov-2019,"8,272.053",+6.435,+0.078%,"8,287.249","8,229.491","8,292.112","126,470,531"
25-Nov-2019,"8,371.928",+99.875,+1.207%,"8,309.546","8,309.546","8,372.822","154,321,255"
26-Nov-2019,"8,385.745",+13.817,+0.165%,"8,374.256","8,364.115","8,398.038","233,828,893"
27-Nov-2019,"8,444.709",+58.964,+0.703%,"8,407.235","8,399.626","8,445.605","114,022,832"
29-Nov-2019,"8,403.685",-41.024,-0.486%,"8,422.020","8,402.133","8,435.960","80,468,069"
02-Dec-2019,"8,309.260",-94.425,-1.124%,"8,409.867","8,274.606","8,409.867","144,805,526"
03-Dec-2019,"8,254.737",-54.523,-0.656%,"8,201.626","8,167.355","8,258.405","162,288,307"
04-Dec-2019,"8,296.529",+41.792,+0.506%,"8,291.858","8,285.875","8,316.455","137,571,364"
05-Dec-2019,"8,308.397",+11.868,+0.143%,"8,321.187","8,272.833","8,321.187","125,930,589"
06-Dec-2019,"8,397.367",+88.970,+1.071%,"8,370.231","8,365.247","8,405.850","127,303,398"
09-Dec-2019,"8,362.744",-34.623,-0.412%,"8,388.745","8,359.868","8,425.770","134,364,043"
10-Dec-2019,"8,354.292",-8.452,-0.101%,"8,364.548","8,339.367","8,392.889","130,547,637"
11-Dec-2019,"8,402.609",+48.317,+0.578%,"8,371.647","8,361.366","8,408.080","131,864,676"
12-Dec-2019,"8,466.894",+64.285,+0.765%,"8,391.915","8,380.094","8,493.110","189,663,615"
13-Dec-2019,"8,487.708",+20.814,+0.246%,"8,461.417","8,441.885","8,517.516","168,745,551"
16-Dec-2019,"8,570.334",+82.626,+0.973%,"8,544.265","8,542.416","8,584.782","178,127,104"
17-Dec-2019,"8,575.700",+5.366,+0.063%,"8,586.335","8,564.146","8,592.453","155,214,264"
18-Dec-2019,"8,580.624",+4.924,+0.057%,"8,587.202","8,578.556","8,608.098","165,629,763"
19-Dec-2019,"8,641.291",+60.667,+0.707%,"8,592.680","8,592.680","8,642.740","166,603,637"
20-Dec-2019,"8,678.491",+37.200,+0.430%,"8,666.571","8,656.479","8,687.663","465,713,351"
23-Dec-2019,"8,696.007",+17.516,+0.202%,"8,703.060","8,690.145","8,710.897","130,525,875"
24-Dec-2019,"8,699.506",+3.499,+0.040%,"8,705.304","8,684.116","8,708.225","50,474,755"
26-Dec-2019,"8,778.314",+78.808,+0.906%,"8,717.952","8,716.029","8,778.334","92,589,926"
27-Dec-2019,"8,770.979",-7.335,-0.084%,"8,805.858","8,749.858","8,811.097","101,442,052"
30-Dec-2019,"8,709.727",-61.252,-0.698%,"8,766.393","8,671.924","8,768.295","103,886,982"
31-Dec-2019,"8,733.073",+23.346,+0.268%,"8,681.334","8,674.383","8,735.431","112,896,493"
02-Jan-2020,"8,872.219",+139.146,+1.593%,"8,802.217","8,786.898","8,873.633","152,648,354"
03-Jan-2020,"8,793.904",-78.315,-0.883%,"8,755.166","8,755.166","8,843.649","144,749,190"
06-Jan-2020,"8,848.515",+54.611,+0.621%,"8,713.889","8,713.889","8,849.976","142,383,101"
07-Jan-2020,"8,846.449",-2.066,-0.023%,"8,857.138","8,821.682","8,872.469","151,390,576"
08-Jan-2020,"8,912.370",+65.921,+0.745%,"8,845.449","8,834.936","8,953.552","164,567,389"
09-Jan-2020,"8,989.630",+77.260,+0.867%,"8,990.041","8,938.528","9,004.553","150,734,311"
10-Jan-2020,"8,966.636",-22.994,-0.256%,"9,021.882","8,951.827","9,024.869","134,198,783"
13-Jan-2020,"9,070.646",+104.010,+1.160%,"9,007.938","8,991.354","9,071.529","140,335,523"
14-Jan-2020,"9,033.420",-37.226,-0.410%,"9,068.023","9,020.923","9,080.160","154,919,413"
15-Jan-2020,"9,035.667",+2.247,+0.025%,"9,039.312","9,008.950","9,078.870","136,692,391"
16-Jan-2020,"9,124.999",+89.332,+0.989%,"9,088.084","9,066.306","9,126.073","143,139,792"
17-Jan-2020,"9,173.733",+48.734,+0.534%,"9,159.483","9,118.982","9,176.470","200,480,457"
21-Jan-2020,"9,166.628",-7.105,-0.077%,"9,145.641","9,141.783","9,187.419","187,349,649"
22-Jan-2020,"9,188.575",+21.947,+0.239%,"9,212.353","9,179.267","9,242.479","158,718,932"
23-Jan-2020,"9,216.984",+28.409,+0.309%,"9,186.137","9,145.233","9,221.126","166,786,709"
24-Jan-2020,"9,141.467",-75.517,-0.819%,"9,266.351","9,101.443","9,272.373","187,986,233"
27-Jan-2020,"8,952.178",-189.289,-2.071%,"8,913.164","8,910.972","9,001.436","193,019,329"
28-Jan-2020,"9,090.932",+138.754,+1.550%,"9,013.229","8,994.285","9,111.315","154,541,035"
29-Jan-2020,"9,101.613",+10.681,+0.117%,"9,141.521","9,067.287","9,153.076","173,455,540"
30-Jan-2020,"9,136.087",+34.474,+0.379%,"9,038.922","9,019.720","9,140.694","185,284,680"
31-Jan-2020,"8,991.512",-144.575,-1.582%,"9,169.910","8,961.590","9,170.216","217,217,765"
03-Feb-2020,"9,126.232",+134.720,+1.498%,"9,033.518","9,031.073","9,148.505","183,060,179"
04-Feb-2020,"9,334.055",+207.823,+2.277%,"9,256.938","9,224.859","9,352.963","199,768,994"
05-Feb-2020,"9,367.481",+33.426,+0.358%,"9,441.344","9,311.884","9,442.755","193,600,094"
06-Feb-2020,"9,445.916",+78.435,+0.837%,"9,395.686","9,357.863","9,448.723","165,899,216"
07-Feb-2020,"9,401.097",-44.819,-0.474%,"9,397.765","9,376.910","9,453.243","153,797,137"
10-Feb-2020,"9,516.840",+115.743,+1.231%,"9,373.196","9,373.196","9,517.740","154,241,125"
11-Feb-2020,"9,517.861",+1.021,+0.011%,"9,567.815","9,493.631","9,600.050","152,230,997"
12-Feb-2020,"9,613.201",+95.340,+1.002%,"9,569.822","9,552.033","9,615.905","166,197,425"
13-Feb-2020,"9,595.702",-17.499,-0.182%,"9,540.671","9,532.741","9,636.409","162,349,602"