Exchange Date,Close,Net,%Chg,Open,Low,High,Volume,Turnover - USD
02-Jan-2019,136.220000,,,130.590000,130.050000,138.420000,"3,221,669","436,735,111.045000"
03-Jan-2019,127.990000,-8.230000,-6.041697%,133.400000,127.700000,135.040000,"4,713,545","610,379,384.140000"
04-Jan-2019,136.190000,+8.200000,+6.406751%,130.790000,129.700000,137.720000,"4,380,141","590,060,870.190000"
07-Jan-2019,143.400000,+7.210000,+5.294074%,138.520000,136.450000,144.880000,"4,740,883","673,374,307.035000"
08-Jan-2019,139.830000,-3.570000,-2.489540%,146.690000,136.910000,146.780000,"5,428,393","760,384,146.210000"
09-Jan-2019,142.580000,+2.750000,+1.966674%,141.750000,139.900000,144.470000,"4,164,017","592,314,497.205000"
10-Jan-2019,145.230000,+2.650000,+1.858606%,141.780000,139.430000,145.570000,"3,465,979","498,053,191.175000"
11-Jan-2019,148.830000,+3.600000,+2.478827%,144.030000,143.250000,149.750000,"5,072,579","748,874,671.625000"
14-Jan-2019,150.440000,+1.610000,+1.081771%,146.750000,145.820000,151.460000,"4,759,433","712,442,610.905000"
15-Jan-2019,149.870000,-0.570000,-0.378889%,151.810000,149.130000,153.350000,"4,332,343","654,136,035.130000"
16-Jan-2019,148.840000,-1.030000,-0.687262%,150.900000,148.630000,152.290000,"3,443,706","516,441,433.505000"
17-Jan-2019,151.720000,+2.880000,+1.934964%,147.290000,146.450000,153.310000,"3,288,631","493,735,460.720000"
18-Jan-2019,156.930000,+5.210000,+3.433957%,153.850000,151.680000,157.980000,"4,531,222","705,387,853.415000"
22-Jan-2019,148.770000,-8.160000,-5.199771%,155.950000,147.560000,156.140000,"4,881,935","734,462,855.160000"
23-Jan-2019,149.290000,+0.520000,+0.349533%,151.000000,148.030000,154.580000,"3,977,185","598,471,952.345000"
24-Jan-2019,157.840000,+8.550000,+5.727108%,152.710000,152.580000,158.530000,"4,877,726","764,190,761.780000"
25-Jan-2019,160.150000,+2.310000,+1.463507%,155.360000,151.310000,160.880000,"6,438,702","1,009,157,692.975000"
28-Jan-2019,138.010000,-22.140000,-13.824539%,136.500000,131.000000,141.590000,"17,205,388","2,356,614,110.170000"
29-Jan-2019,131.600000,-6.410000,-4.644591%,136.150000,131.010000,138.100000,"8,264,153","1,104,344,307.640000"
30-Jan-2019,137.390000,+5.790000,+4.399696%,134.800000,131.460000,137.970000,"6,281,236","848,784,007.685000"
31-Jan-2019,143.750000,+6.360000,+4.629158%,137.260000,136.400000,145.180000,"5,653,952","805,486,719.915000"
01-Feb-2019,144.730000,+0.980000,+0.681739%,144.500000,142.580000,146.770000,"3,692,896","535,728,087.325000"
04-Feb-2019,149.180000,+4.450000,+3.074691%,145.370000,144.500000,150.660000,"3,348,071","497,816,142.265000"
05-Feb-2019,149.950000,+0.770000,+0.516155%,149.660000,148.300000,151.400000,"3,187,857","477,362,603.505000"
06-Feb-2019,153.000000,+3.050000,+2.034011%,151.290000,151.070000,155.600000,"4,565,016","700,208,101.690000"
07-Feb-2019,147.420000,-5.580000,-3.647059%,151.200000,145.700000,151.200000,"3,919,624","579,583,829.745000"
08-Feb-2019,148.170000,+0.750000,+0.508751%,144.710000,144.140000,148.590000,"3,170,772","464,039,092.385000"
11-Feb-2019,146.450000,-1.720000,-1.160829%,146.390000,144.500000,148.580000,"3,817,440","559,355,199.895000"
12-Feb-2019,151.170000,+4.720000,+3.222943%,147.890000,147.420000,151.795000,"3,661,190","550,493,639.305000"
13-Feb-2019,152.880000,+1.710000,+1.131177%,152.360000,151.870000,155.820000,"3,673,370","564,204,150.165000"
14-Feb-2019,154.530000,+1.650000,+1.079278%,152.730000,151.170000,155.650000,"5,431,975","853,203,271.720000"
15-Feb-2019,157.340000,+2.810000,+1.818417%,163.000000,156.430000,163.860000,"7,814,390","1,244,587,536.175000"
19-Feb-2019,156.640000,-0.700000,-0.444896%,156.910000,156.220000,159.850000,"2,951,769","466,755,084.365000"
20-Feb-2019,158.550000,+1.910000,+1.219356%,157.820000,157.400000,161.260000,"3,000,540","478,318,744.335000"
21-Feb-2019,155.770000,-2.780000,-1.753390%,159.060000,155.180000,160.050000,"2,603,108","408,560,255.660000"
22-Feb-2019,159.190000,+3.420000,+2.195545%,157.860000,157.380000,159.950000,"2,521,707","400,835,370.890000"
25-Feb-2019,158.690000,-0.500000,-0.314090%,162.560000,158.350000,165.280000,"3,822,610","616,207,387.595000"
26-Feb-2019,157.100000,-1.590000,-1.001953%,158.500000,155.750000,160.730000,"3,342,631","527,204,686.090000"
27-Feb-2019,155.410000,-1.690000,-1.075748%,156.520000,153.140000,157.530000,"2,775,860","431,744,413.445000"
28-Feb-2019,154.260000,-1.150000,-0.739978%,155.000000,153.360000,155.800000,"2,337,790","361,168,415.410000"
01-Mar-2019,156.450000,+2.190000,+1.419681%,156.270000,153.920000,158.120000,"2,106,221","329,408,132.235000"
04-Mar-2019,156.780000,+0.330000,+0.210930%,158.000000,154.500000,158.900000,"2,230,806","349,730,482.535000"
05-Mar-2019,156.520000,-0.260000,-0.165837%,156.150000,153.980000,158.050000,"2,145,376","335,565,535.320000"
06-Mar-2019,152.050000,-4.470000,-2.855865%,156.160000,151.950000,156.490000,"2,395,563","367,678,139.215000"
07-Mar-2019,149.260000,-2.790000,-1.834923%,151.000000,147.430000,151.440000,"2,525,403","377,343,139.040000"
08-Mar-2019,150.640000,+1.380000,+0.924561%,145.660000,144.800000,151.050000,"2,525,216","376,169,680.780000"
11-Mar-2019,161.140000,+10.500000,+6.970260%,151.590000,149.770000,162.040000,"4,568,574","724,960,808.430000"
12-Mar-2019,162.520000,+1.380000,+0.856398%,162.200000,159.210000,164.380000,"3,323,609","539,834,966.350000"
13-Mar-2019,168.620000,+6.100000,+3.753384%,164.030000,163.750000,169.800000,"4,274,121","717,571,194.260000"
14-Mar-2019,165.560000,-3.060000,-1.814731%,168.960000,165.250000,169.450000,"3,368,417","562,254,751.145000"
15-Mar-2019,169.810000,+4.250000,+2.567045%,167.530000,167.400000,171.500000,"4,754,721","806,355,755.395000"
18-Mar-2019,168.950000,-0.860000,-0.506448%,171.080000,167.860000,173.250000,"2,713,167","461,463,383.690000"
19-Mar-2019,175.710000,+6.760000,+4.001184%,172.870000,172.100000,177.500000,"4,696,333","824,137,234.330000"
20-Mar-2019,174.400000,-1.310000,-0.745547%,177.000000,173.020000,179.020000,"4,260,881","746,880,762.705000"
21-Mar-2019,183.940000,+9.540000,+5.470183%,175.210000,175.210000,185.000000,"4,883,325","887,096,465.190000"
22-Mar-2019,177.500000,-6.440000,-3.501142%,182.840000,176.980000,184.750000,"4,015,579","720,536,986.470000"
25-Mar-2019,173.780000,-3.720000,-2.095775%,175.860000,171.120000,178.450000,"3,383,259","587,588,845.365000"
26-Mar-2019,176.870000,+3.090000,+1.778110%,179.580000,174.600000,181.750000,"3,659,151","651,779,835.875000"
27-Mar-2019,176.500000,-0.370000,-0.209193%,177.910000,173.710000,179.760000,"2,941,354","518,065,366.685000"
28-Mar-2019,177.250000,+0.750000,+0.424929%,177.680000,175.110000,179.900000,"2,437,980","432,771,647.215000"
29-Mar-2019,179.560000,+2.310000,+1.303244%,179.900000,177.910000,180.520000,"2,724,403","488,298,588.485000"
01-Apr-2019,182.280000,+2.720000,+1.514814%,183.060000,180.380000,183.490000,"2,883,197","525,207,151.795000"
02-Apr-2019,183.000000,+0.720000,+0.394997%,183.210000,181.550000,184.760000,"2,456,964","449,699,241.175000"
03-Apr-2019,188.620000,+5.620000,+3.071038%,185.000000,184.830000,191.000000,"4,836,716","912,350,108.865000"
04-Apr-2019,188.260000,-0.360000,-0.190860%,187.800000,185.750000,189.940000,"2,651,390","498,157,678.075000"
05-Apr-2019,190.950000,+2.690000,+1.428875%,190.000000,188.530000,191.650000,"2,356,126","448,926,225.360000"
08-Apr-2019,191.790000,+0.840000,+0.439906%,189.720000,188.790000,192.750000,"2,238,155","427,186,066.970000"
09-Apr-2019,189.260000,-2.530000,-1.319151%,190.370000,187.570000,190.810000,"2,576,060","487,090,673.860000"
10-Apr-2019,192.100000,+2.840000,+1.500581%,189.230000,189.060000,193.110000,"2,670,862","511,896,981.480000"
11-Apr-2019,191.540000,-0.560000,-0.291515%,192.100000,189.550000,193.450000,"2,214,497","424,149,125.635000"
12-Apr-2019,190.010000,-1.530000,-0.798789%,193.000000,189.660000,193.100000,"2,286,489","436,362,113.105000"
15-Apr-2019,184.700000,-5.310000,-2.794590%,189.790000,183.130000,189.900000,"3,063,483","567,235,743.880000"
16-Apr-2019,188.210000,+3.510000,+1.900379%,186.280000,184.970000,188.970000,"2,697,708","506,041,835.130000"
17-Apr-2019,187.290000,-0.920000,-0.488816%,189.730000,186.410000,190.450000,"2,035,153","382,816,105.685000"
18-Apr-2019,186.300000,-0.990000,-0.528592%,187.560000,185.200000,188.930000,"2,602,029","485,678,555.135000"
22-Apr-2019,188.470000,+2.170000,+1.164788%,185.350000,184.080000,189.080000,"1,883,815","353,283,706.430000"
23-Apr-2019,190.670000,+2.200000,+1.167295%,189.000000,188.680000,191.930000,"2,220,398","423,750,121.335000"
24-Apr-2019,191.170000,+0.500000,+0.262233%,191.010000,188.700000,192.810000,"2,383,850","455,638,168.760000"
25-Apr-2019,186.910000,-4.260000,-2.228383%,189.530000,183.700000,190.400000,"3,532,788","659,245,088.860000"
26-Apr-2019,178.090000,-8.820000,-4.718849%,180.820000,173.330000,180.820000,"5,447,365","964,728,078.130000"
29-Apr-2019,179.330000,+1.240000,+0.696277%,178.410000,175.500000,180.440000,"2,185,835","390,767,675.530000"
30-Apr-2019,181.000000,+1.670000,+0.931244%,178.030000,177.380000,182.020000,"2,781,314","501,908,055.960000"
01-May-2019,180.470000,-0.530000,-0.292818%,183.330000,180.460000,184.800000,"2,315,620","422,676,413.955000"
02-May-2019,183.190000,+2.720000,+1.507176%,180.860000,179.200000,184.870000,"2,766,644","505,165,474.410000"
03-May-2019,183.010000,-0.180000,-0.098259%,183.530000,180.530000,183.930000,"2,411,706","440,355,954.550000"
06-May-2019,179.850000,-3.160000,-1.726682%,175.500000,174.000000,180.340000,"2,857,171","508,391,656.850000"
07-May-2019,173.110000,-6.740000,-3.747567%,177.700000,171.180000,177.700000,"4,030,812","701,168,522.350000"
08-May-2019,173.920000,+0.810000,+0.467911%,172.040000,171.580000,177.140000,"2,879,744","503,919,527.340000"
09-May-2019,170.190000,-3.730000,-2.144664%,171.140000,165.400000,171.500000,"3,951,458","667,680,382.420000"
10-May-2019,168.820000,-1.370000,-0.804983%,169.000000,164.000000,171.580000,"3,734,541","626,740,428.545000"
13-May-2019,158.450000,-10.370000,-6.142637%,163.660000,157.810000,164.430000,"5,072,042","814,644,666.675000"
14-May-2019,162.040000,+3.590000,+2.265699%,160.050000,158.500000,163.460000,"3,640,454","588,224,210.735000"
15-May-2019,159.580000,-2.460000,-1.518144%,160.250000,157.410000,161.050000,"3,660,373","585,012,223.370000"
16-May-2019,160.190000,+0.610000,+0.382253%,159.440000,157.660000,161.890000,"4,551,546","735,685,514.040000"
17-May-2019,156.530000,-3.660000,-2.284787%,158.500000,154.940000,163.700000,"6,573,562","1,045,601,313.685000"
20-May-2019,151.750000,-4.780000,-3.053728%,152.550000,150.760000,154.760000,"3,925,760","598,465,014.630000"
21-May-2019,155.060000,+3.310000,+2.181219%,154.220000,152.650000,155.690000,"2,307,992","356,887,394.500000"
22-May-2019,152.200000,-2.860000,-1.844447%,153.300000,151.770000,154.530000,"2,059,047","314,447,610.930000"
23-May-2019,147.320000,-4.880000,-3.206307%,149.690000,144.920000,149.690000,"3,825,015","561,773,893.765000"
24-May-2019,145.150000,-2.170000,-1.472984%,148.080000,144.890000,149.500000,"2,313,242","338,889,913.255000"
28-May-2019,143.330000,-1.820000,-1.253875%,145.860000,143.250000,147.180000,"2,845,798","410,823,951.040000"
29-May-2019,140.340000,-2.990000,-2.086095%,141.410000,138.940000,142.820000,"3,494,306","491,303,572.285000"
30-May-2019,139.110000,-1.230000,-0.876443%,140.310000,137.580000,141.740000,"2,398,195","334,701,768.570000"
31-May-2019,135.460000,-3.650000,-2.623823%,136.800000,135.400000,138.430000,"2,705,454","369,440,209.230000"
03-Jun-2019,133.780000,-1.680000,-1.240219%,135.910000,132.640000,137.470000,"3,389,098","456,405,725.930000"
04-Jun-2019,143.000000,+9.220000,+6.891912%,136.450000,135.500000,143.210000,"3,959,212","557,385,828.410000"
05-Jun-2019,141.280000,-1.720000,-1.202797%,145.970000,139.820000,146.180000,"3,566,860","505,361,124.270000"
06-Jun-2019,143.780000,+2.500000,+1.769536%,141.450000,141.350000,144.760000,"2,862,870","409,712,223.615000"
07-Jun-2019,145.500000,+1.720000,+1.196272%,144.020000,143.310000,146.880000,"2,177,419","316,948,294.695000"
10-Jun-2019,148.430000,+2.930000,+2.013746%,148.040000,148.010000,151.190000,"2,818,563","420,987,045.120000"
11-Jun-2019,150.750000,+2.320000,+1.563026%,150.890000,149.190000,152.350000,"2,441,518","368,110,262.435000"
12-Jun-2019,146.200000,-4.550000,-3.018242%,149.000000,145.600000,149.120000,"2,320,795","340,591,089.125000"
13-Jun-2019,148.260000,+2.060000,+1.409029%,147.090000,146.390000,149.000000,"1,945,890","287,604,673.535000"
14-Jun-2019,144.640000,-3.620000,-2.441657%,144.700000,142.850000,145.440000,"2,572,584","370,934,753.130000"
17-Jun-2019,145.030000,+0.390000,+0.269635%,144.570000,143.715000,146.500000,"1,855,252","269,836,932.120000"
18-Jun-2019,152.880000,+7.850000,+5.412673%,147.450000,147.090000,155.100000,"3,837,021","586,417,711.895000"
19-Jun-2019,153.120000,+0.240000,+0.156986%,154.290000,152.100000,154.750000,"2,410,811","369,174,884.700000"
20-Jun-2019,154.100000,+0.980000,+0.640021%,156.770000,153.530000,157.330000,"2,271,537","351,992,097.745000"
21-Jun-2019,151.760000,-2.340000,-1.518494%,153.630000,151.500000,155.480000,"3,985,768","608,394,127.040000"
24-Jun-2019,152.660000,+0.900000,+0.593042%,152.720000,150.750000,153.840000,"1,736,015","265,051,880.475000"
25-Jun-2019,151.480000,-1.180000,-0.772960%,152.960000,151.390000,155.880000,"1,734,031","265,841,728.590000"
26-Jun-2019,159.260000,+7.780000,+5.135992%,156.680000,156.180000,161.700000,"3,897,407","622,052,087.270000"
27-Jun-2019,163.230000,+3.970000,+2.492779%,162.590000,161.300000,164.000000,"2,755,256","448,937,081.320000"
28-Jun-2019,164.230000,+1.000000,+0.612632%,165.000000,162.350000,165.350000,"2,868,363","470,726,941.990000"
01-Jul-2019,166.170000,+1.940000,+1.181270%,172.660000,164.660000,173.950000,"4,213,929","709,043,143.100000"
02-Jul-2019,162.230000,-3.940000,-2.371066%,165.500000,161.710000,166.340000,"2,288,205","373,869,303.340000"
03-Jul-2019,162.750000,+0.520000,+0.320533%,163.180000,160.380000,163.380000,"1,618,418","262,193,570.875000"
05-Jul-2019,160.230000,-2.520000,-1.548387%,160.400000,157.700000,160.575000,"2,481,548","395,944,034.335000"
08-Jul-2019,157.210000,-3.020000,-1.884791%,157.830000,156.000000,158.530000,"2,245,311","352,854,562.280000"
09-Jul-2019,157.310000,+0.100000,+0.063609%,155.450000,155.000000,158.420000,"2,117,811","332,395,983.460000"
10-Jul-2019,160.060000,+2.750000,+1.748141%,159.060000,158.510000,162.310000,"2,709,016","434,349,510.035000"
11-Jul-2019,166.280000,+6.220000,+3.886043%,163.000000,161.510000,167.920000,"4,281,727","707,913,253.645000"
12-Jul-2019,167.610000,+1.330000,+0.799856%,167.400000,167.400000,170.460000,"3,237,970","545,578,863.870000"
15-Jul-2019,167.270000,-0.340000,-0.202852%,168.460000,166.150000,169.100000,"1,991,890","332,994,379.265000"
16-Jul-2019,167.080000,-0.190000,-0.113589%,166.670000,164.850000,168.150000,"2,200,969","367,072,156.835000"
17-Jul-2019,169.710000,+2.630000,+1.574096%,167.000000,166.000000,169.970000,"2,430,270","410,778,292.515000"
18-Jul-2019,170.180000,+0.470000,+0.276943%,170.060000,167.870000,172.680000,"2,513,775","427,263,950.565000"
19-Jul-2019,168.440000,-1.740000,-1.022447%,171.720000,168.230000,171.980000,"2,836,134","482,338,060.435000"
22-Jul-2019,171.320000,+2.880000,+1.709808%,169.500000,169.020000,171.840000,"2,141,673","365,724,397.065000"
23-Jul-2019,175.660000,+4.340000,+2.533271%,173.030000,172.300000,175.740000,"3,087,542","538,365,279.110000"
24-Jul-2019,178.660000,+3.000000,+1.707845%,177.400000,174.340000,178.890000,"2,779,861","493,122,160.130000"
25-Jul-2019,173.380000,-5.280000,-2.955334%,176.760000,172.440000,177.250000,"3,156,587","549,857,274.255000"
26-Jul-2019,175.070000,+1.690000,+0.974738%,174.470000,174.470000,176.950000,"2,127,933","373,671,448.110000"
29-Jul-2019,174.820000,-0.250000,-0.142800%,174.780000,171.280000,175.460000,"1,656,931","288,359,648.205000"
30-Jul-2019,175.450000,+0.630000,+0.360371%,172.900000,172.390000,175.920000,"1,374,935","239,857,646.325000"
31-Jul-2019,168.720000,-6.730000,-3.835851%,174.180000,167.030000,174.210000,"2,529,734","431,761,971.195000"
01-Aug-2019,164.920000,-3.800000,-2.252252%,169.140000,162.880000,172.780000,"3,121,632","521,537,267.660000"
02-Aug-2019,161.190000,-3.730000,-2.261703%,161.190000,159.290000,163.980000,"2,932,261","472,243,221.810000"
05-Aug-2019,150.790000,-10.400000,-6.452013%,153.800000,148.910000,153.850000,"4,196,252","634,597,783.420000"
06-Aug-2019,152.350000,+1.560000,+1.034551%,153.800000,150.480000,155.600000,"2,290,634","349,178,937.880000"
07-Aug-2019,153.890000,+1.540000,+1.010830%,149.900000,149.210000,154.350000,"2,852,616","435,743,743.855000"
08-Aug-2019,158.260000,+4.370000,+2.839691%,156.150000,153.900000,158.310000,"2,353,842","369,794,609.905000"
09-Aug-2019,154.180000,-4.080000,-2.578036%,156.580000,152.170000,156.730000,"2,106,046","324,630,254.205000"
12-Aug-2019,151.450000,-2.730000,-1.770658%,152.030000,150.590000,154.150000,"2,166,154","329,054,825.590000"
13-Aug-2019,156.050000,+4.600000,+3.037306%,150.900000,149.850000,157.860000,"2,356,477","366,277,213.080000"
14-Aug-2019,150.070000,-5.980000,-3.832105%,152.820000,148.400000,152.950000,"2,641,098","397,409,194.725000"
15-Aug-2019,148.770000,-1.300000,-0.866262%,151.170000,147.400000,151.610000,"3,677,147","554,913,692.475000"
16-Aug-2019,159.560000,+10.790000,+7.252806%,159.450000,156.900000,161.530000,"5,685,430","905,125,354.785000"
19-Aug-2019,170.780000,+11.220000,+7.031838%,164.120000,163.470000,171.420000,"5,161,997","871,418,998.180000"
20-Aug-2019,167.870000,-2.910000,-1.703947%,170.500000,167.040000,170.560000,"2,594,264","436,463,356.630000"
21-Aug-2019,171.230000,+3.360000,+2.001549%,170.530000,169.670000,173.440000,"2,429,381","417,121,397.145000"
22-Aug-2019,171.480000,+0.250000,+0.146002%,171.620000,169.930000,173.300000,"1,824,211","313,187,576.625000"
23-Aug-2019,162.440000,-9.040000,-5.271752%,168.490000,161.640000,170.590000,"3,925,199","644,485,434.990000"
26-Aug-2019,165.450000,+3.010000,+1.852992%,165.700000,163.910000,166.580000,"1,878,843","310,678,182.205000"
27-Aug-2019,161.800000,-3.650000,-2.206105%,166.990000,160.650000,167.060000,"1,730,182","281,785,184.615000"
28-Aug-2019,161.220000,-0.580000,-0.358467%,160.580000,159.040000,163.330000,"1,550,650","250,147,807.860000"
29-Aug-2019,167.000000,+5.780000,+3.585163%,165.000000,164.760000,168.300000,"2,083,907","347,844,633.885000"
30-Aug-2019,167.510000,+0.510000,+0.305389%,168.920000,166.800000,170.860000,"1,930,801","324,895,920.110000"
03-Sep-2019,164.170000,-3.340000,-1.993911%,164.520000,163.300000,165.880000,"2,056,809","337,846,512.085000"
04-Sep-2019,168.760000,+4.590000,+2.795882%,166.610000,166.610000,169.020000,"1,673,371","281,574,518.600000"
05-Sep-2019,179.740000,+10.980000,+6.506281%,172.930000,172.910000,179.990000,"4,417,876","786,014,132.590000"
06-Sep-2019,178.650000,-1.090000,-0.606432%,179.000000,177.120000,181.080000,"2,059,111","368,375,859.825000"
09-Sep-2019,180.500000,+1.850000,+1.035544%,179.990000,179.860000,183.980000,"2,805,298","508,825,137.925000"
10-Sep-2019,183.180000,+2.680000,+1.484765%,179.180000,178.790000,184.220000,"2,281,458","415,278,910.885000"
11-Sep-2019,184.330000,+1.150000,+0.627798%,183.770000,182.620000,186.270000,"2,573,060","475,019,244.890000"
12-Sep-2019,184.270000,-0.060000,-0.032550%,186.020000,183.950000,188.370000,"2,110,717","392,500,205.610000"
13-Sep-2019,181.940000,-2.330000,-1.264449%,181.520000,180.220000,183.060000,"2,016,412","366,512,508.395000"
16-Sep-2019,180.210000,-1.730000,-0.950863%,178.920000,178.500000,181.550000,"1,624,609","292,894,272.160000"
17-Sep-2019,181.070000,+0.860000,+0.477221%,180.270000,178.630000,181.220000,"1,442,012","259,853,003.085000"
18-Sep-2019,179.980000,-1.090000,-0.601977%,180.790000,176.510000,181.350000,"1,835,791","329,571,195.090000"
19-Sep-2019,176.940000,-3.040000,-1.689077%,180.000000,176.530000,180.900000,"1,843,643","328,526,847.895000"
20-Sep-2019,172.690000,-4.250000,-2.401944%,177.000000,172.280000,177.850000,"3,333,425","582,460,578.275000"
23-Sep-2019,174.840000,+2.150000,+1.245006%,172.700000,172.550000,176.670000,"1,706,829","298,758,608.135000"
24-Sep-2019,172.530000,-2.310000,-1.321208%,176.100000,171.190000,177.290000,"2,054,374","356,332,415.445000"
25-Sep-2019,178.230000,+5.700000,+3.303773%,172.270000,170.740000,179.000000,"2,051,768","361,596,337.315000"
26-Sep-2019,177.340000,-0.890000,-0.499355%,177.840000,175.290000,178.120000,"1,791,025","316,992,730.430000"
27-Sep-2019,171.760000,-5.580000,-3.146498%,175.660000,169.330000,177.660000,"2,450,046","423,921,583.165000"
30-Sep-2019,174.070000,+2.310000,+1.344900%,172.800000,171.640000,174.470000,"1,275,101","221,244,696.980000"
01-Oct-2019,174.000000,-0.070000,-0.040214%,175.000000,173.810000,180.990000,"2,347,300","414,513,601.135000"
02-Oct-2019,173.040000,-0.960000,-0.551724%,173.120000,170.150000,173.600000,"2,236,675","384,962,134.625000"
03-Oct-2019,181.310000,+8.270000,+4.779242%,173.520000,172.010000,181.550000,"2,854,084","508,706,675.125000"
04-Oct-2019,181.970000,+0.660000,+0.364017%,181.140000,178.840000,183.120000,"1,894,621","343,773,671.935000"
07-Oct-2019,184.330000,+2.360000,+1.296917%,184.580000,184.230000,188.330000,"2,770,126","514,953,096.565000"
08-Oct-2019,177.230000,-7.100000,-3.851788%,180.640000,176.500000,180.640000,"2,836,107","505,289,755.675000"
09-Oct-2019,180.710000,+3.480000,+1.963550%,180.340000,179.200000,182.680000,"1,940,931","350,955,727.930000"
10-Oct-2019,183.030000,+2.320000,+1.283825%,180.620000,180.580000,185.050000,"2,144,265","392,745,548.945000"
11-Oct-2019,185.990000,+2.960000,+1.617221%,186.410000,185.760000,189.340000,"3,259,028","610,519,719.595000"
14-Oct-2019,186.530000,+0.540000,+0.290338%,185.640000,184.390000,187.370000,"1,390,025","258,659,201.565000"
15-Oct-2019,196.370000,+9.840000,+5.275291%,190.000000,189.610000,199.260000,"3,919,997","765,397,431.145000"
16-Oct-2019,194.210000,-2.160000,-1.099964%,195.000000,193.750000,199.220000,"2,499,322","489,869,745.670000"
17-Oct-2019,194.290000,+0.080000,+0.041193%,196.000000,192.100000,197.740000,"1,545,317","300,326,835.515000"
18-Oct-2019,190.490000,-3.800000,-1.955839%,194.310000,187.560000,195.610000,"2,054,369","393,345,387.805000"
21-Oct-2019,196.010000,+5.520000,+2.897790%,193.000000,192.250000,196.530000,"1,555,466","303,537,171.840000"
22-Oct-2019,195.610000,-0.400000,-0.204071%,198.300000,195.320000,202.500000,"2,137,877","422,610,105.270000"
23-Oct-2019,195.090000,-0.520000,-0.265835%,192.350000,191.060000,195.630000,"1,662,154","322,730,978.110000"
24-Oct-2019,196.860000,+1.770000,+0.907274%,196.750000,195.480000,198.200000,"1,432,816","282,383,516.340000"
25-Oct-2019,204.540000,+7.680000,+3.901250%,199.970000,199.790000,205.380000,"2,612,750","531,352,187.040000"
28-Oct-2019,206.790000,+2.250000,+1.100029%,206.180000,205.130000,208.880000,"1,917,110","396,637,412.450000"
29-Oct-2019,202.920000,-3.870000,-1.871464%,206.000000,202.180000,206.400000,"1,347,417","274,449,937.325000"
30-Oct-2019,203.000000,+0.080000,+0.039424%,204.000000,200.260000,204.230000,"1,326,237","268,433,140.880000"
31-Oct-2019,201.020000,-1.980000,-0.975369%,202.290000,197.850000,202.370000,"1,370,602","274,664,107.740000"
01-Nov-2019,202.590000,+1.570000,+0.781017%,200.160000,198.610000,203.890000,"2,300,692","465,243,618.515000"
04-Nov-2019,210.500000,+7.910000,+3.904438%,206.000000,204.930000,211.000000,"2,194,715","457,184,847.815000"
05-Nov-2019,209.610000,-0.890000,-0.422803%,210.490000,207.680000,211.540000,"1,580,124","331,931,875.225000"
06-Nov-2019,207.630000,-1.980000,-0.944611%,208.940000,204.150000,209.670000,"1,570,381","325,016,012.925000"
07-Nov-2019,208.340000,+0.710000,+0.341954%,210.320000,206.540000,211.700000,"2,087,528","437,096,400.680000"
08-Nov-2019,207.780000,-0.560000,-0.268791%,207.660000,206.200000,209.030000,"1,374,720","285,428,161.310000"
11-Nov-2019,208.180000,+0.400000,+0.192511%,207.650000,204.370000,209.090000,"1,317,519","273,229,878.295000"
12-Nov-2019,209.610000,+1.430000,+0.686906%,209.720000,208.320000,211.850000,"1,598,929","335,836,933.605000"
13-Nov-2019,208.570000,-1.040000,-0.496160%,208.350000,205.900000,209.450000,"1,689,555","351,279,758.695000"
14-Nov-2019,209.790000,+1.220000,+0.584936%,209.000000,206.530000,209.880000,"3,239,078","677,648,875.920000"
15-Nov-2019,204.190000,-5.600000,-2.669336%,209.900000,200.700000,211.750000,"5,886,705","1,208,545,490.445000"
18-Nov-2019,212.280000,+8.090000,+3.961996%,203.860000,203.810000,213.340000,"3,419,029","720,036,805.045000"
19-Nov-2019,207.990000,-4.290000,-2.020916%,211.100000,205.650000,211.980000,"2,547,729","530,544,346.550000"
20-Nov-2019,211.180000,+3.190000,+1.533728%,207.070000,206.730000,214.520000,"2,883,881","607,949,504.260000"
21-Nov-2019,210.180000,-1.000000,-0.473530%,211.000000,209.310000,213.240000,"1,779,088","375,292,305.405000"
22-Nov-2019,210.890000,+0.710000,+0.337806%,211.120000,210.000000,212.950000,"1,444,939","305,135,133.635000"
25-Nov-2019,221.210000,+10.320000,+4.893546%,216.140000,215.530000,221.410000,"3,019,132","663,779,153.720000"
26-Nov-2019,217.000000,-4.210000,-1.903169%,220.500000,216.750000,220.600000,"3,038,533","661,404,278.695000"
27-Nov-2019,218.240000,+1.240000,+0.571429%,218.670000,217.200000,220.050000,"1,259,724","274,965,040.140000"
29-Nov-2019,216.740000,-1.500000,-0.687317%,217.000000,215.780000,218.140000,"1,013,491","219,783,453.000000"
02-Dec-2019,209.250000,-7.490000,-3.455753%,216.460000,208.650000,217.000000,"2,300,159","484,934,454.685000"
03-Dec-2019,207.660000,-1.590000,-0.759857%,201.870000,200.380000,207.810000,"3,132,031","640,841,968.875000"
04-Dec-2019,209.420000,+1.760000,+0.847539%,211.020000,208.300000,211.920000,"1,861,747","391,118,469.320000"
05-Dec-2019,208.740000,-0.680000,-0.324706%,210.300000,207.630000,210.930000,"1,265,659","264,444,777.940000"
06-Dec-2019,212.170000,+3.430000,+1.643192%,211.520000,211.250000,213.460000,"1,528,592","324,405,190.660000"
09-Dec-2019,212.170000,0.000000,0.000000%,211.210000,211.100000,214.340000,"1,682,207","357,754,818.925000"
10-Dec-2019,213.980000,+1.810000,+0.853090%,213.380000,211.300000,216.040000,"1,642,823","352,090,087.300000"
11-Dec-2019,217.340000,+3.360000,+1.570240%,214.420000,214.320000,217.560000,"1,721,643","372,835,344.385000"
12-Dec-2019,224.070000,+6.730000,+3.096531%,216.180000,215.910000,224.790000,"2,940,664","652,508,694.145000"
13-Dec-2019,223.990000,-0.080000,-0.035703%,224.250000,221.940000,228.960000,"2,793,813","627,966,163.595000"
16-Dec-2019,225.150000,+1.160000,+0.517880%,225.900000,224.790000,228.040000,"1,989,130","449,691,470.730000"
17-Dec-2019,228.290000,+3.140000,+1.394626%,226.230000,225.570000,229.200000,"1,841,964","419,640,013.240000"
18-Dec-2019,229.510000,+1.220000,+0.534408%,229.600000,229.420000,231.940000,"2,130,365","490,729,312.755000"
19-Dec-2019,235.460000,+5.950000,+2.592480%,230.830000,230.700000,235.990000,"2,348,247","550,866,014.805000"
20-Dec-2019,239.370000,+3.910000,+1.660579%,238.500000,237.400000,240.350000,"4,882,857","1,167,463,357.865000"
23-Dec-2019,238.820000,-0.550000,-0.229770%,240.520000,238.470000,241.810000,"1,970,317","471,979,282.310000"
24-Dec-2019,238.620000,-0.200000,-0.083745%,238.110000,236.860000,239.310000,"867,613","206,564,227.775000"
26-Dec-2019,239.190000,+0.570000,+0.238874%,238.760000,238.000000,240.300000,"1,126,159","269,303,993.850000"
27-Dec-2019,236.870000,-2.320000,-0.969940%,239.610000,235.830000,240.340000,"1,568,813","372,208,348.215000"
30-Dec-2019,232.320000,-4.550000,-1.920885%,235.840000,231.090000,236.140000,"1,624,365","378,077,021.120000"
31-Dec-2019,235.300000,+2.980000,+1.282713%,230.500000,230.200000,235.605000,"1,708,178","400,735,001.690000"
02-Jan-2020,239.910000,+4.610000,+1.959201%,238.850000,236.750000,239.910000,"1,408,996","336,635,399.775000"
03-Jan-2020,236.070000,-3.840000,-1.600600%,235.000000,234.120000,237.750000,"1,331,694","314,569,268.390000"
06-Jan-2020,237.060000,+0.990000,+0.419367%,232.360000,231.310000,237.250000,"1,931,290","455,054,415.970000"
07-Jan-2020,239.930000,+2.870000,+1.210664%,238.200000,236.390000,241.760000,"1,814,573","435,103,716.000000"
08-Jan-2020,240.380000,+0.450000,+0.187555%,239.760000,238.160000,242.020000,"1,718,552","413,009,098.510000"
09-Jan-2020,243.020000,+2.640000,+1.098261%,243.550000,240.910000,245.900000,"1,521,209","370,419,914.115000"
10-Jan-2020,244.320000,+1.300000,+0.534935%,247.480000,243.750000,248.500000,"1,578,444","388,198,785.845000"
13-Jan-2020,251.980000,+7.660000,+3.135232%,247.660000,246.750000,252.980000,"2,084,848","522,742,375.960000"
14-Jan-2020,247.280000,-4.700000,-1.865227%,250.510000,246.770000,251.280000,"2,598,563","645,246,417.240000"
15-Jan-2020,245.570000,-1.710000,-0.691524%,247.790000,244.540000,248.650000,"1,587,928","390,957,134.505000"
16-Jan-2020,248.930000,+3.360000,+1.368245%,247.630000,246.800000,249.170000,"1,624,787","403,225,419.255000"
17-Jan-2020,249.280000,+0.350000,+0.140602%,249.720000,247.370000,249.910000,"2,073,400","516,383,862.310000"
21-Jan-2020,247.940000,-1.340000,-0.537548%,247.680000,246.740000,249.280000,"2,002,506","496,688,912.065000"
22-Jan-2020,250.050000,+2.110000,+0.851012%,249.760000,249.000000,253.560000,"1,732,839","434,789,049.130000"
23-Jan-2020,252.860000,+2.810000,+1.123775%,251.880000,248.150000,253.200000,"1,640,777","412,948,496.275000"
24-Jan-2020,250.480000,-2.380000,-0.941232%,257.870000,248.300000,259.490000,"2,295,131","581,439,668.390000"
27-Jan-2020,240.200000,-10.280000,-4.104120%,239.000000,232.230000,242.250000,"2,899,171","694,681,713.735000"
28-Jan-2020,247.970000,+7.770000,+3.234804%,242.850000,240.800000,249.250000,"1,692,309","416,130,921.880000"
29-Jan-2020,245.540000,-2.430000,-0.979957%,247.280000,243.950000,248.780000,"1,359,710","334,469,221.900000"
30-Jan-2020,245.810000,+0.270000,+0.109962%,241.670000,239.420000,246.320000,"1,818,310","442,833,698.905000"
31-Jan-2020,236.430000,-9.380000,-3.815955%,243.970000,234.760000,244.360000,"2,549,457","606,751,749.835000"
03-Feb-2020,240.330000,+3.900000,+1.649537%,235.700000,235.470000,241.110000,"1,736,280","415,801,362.495000"
04-Feb-2020,247.130000,+6.800000,+2.829443%,246.030000,244.040000,247.900000,"1,723,755","424,984,706.580000"
05-Feb-2020,250.760000,+3.630000,+1.468863%,251.880000,247.410000,252.110000,"1,579,066","395,239,173.425000"
06-Feb-2020,254.245000,+3.485000,+1.389775%,252.140000,248.930000,254.250000,"1,593,015","402,309,141.305000"
07-Feb-2020,251.590000,-2.655000,-1.044268%,252.640000,250.590000,253.520000,"1,231,113","310,103,100.360000"
10-Feb-2020,262.970000,+11.380000,+4.523232%,252.500000,252.300000,263.000000,"3,200,476","832,685,139.805000"
11-Feb-2020,267.890000,+4.920000,+1.870936%,267.330000,264.850000,272.500000,"2,843,376","764,439,685.220000"
12-Feb-2020,272.540000,+4.650000,+1.735787%,270.000000,268.460000,272.800000,"2,362,735","640,754,617.140000"
13-Feb-2020,270.780000,-1.760000,-0.645777%,270.210000,269.110000,273.470000,"3,165,051","870,701,089.640000"